CEP,UF,NOME,BAIRRO
8430026,SP,BAIA DE JAPERICA,JARDIM SANTA TEREZINHA
4854280,SP,INUBIA,JARDIM ALMEIDA PRADO
4470315,SP,EURICO FRANCO DE SIQUEIRA,JARDIM BANDEIRANTES
8161005,SP,RIO SENA,JARDIM DOS IPES
4847005,SP,ANTONIO CARLOS BENJAMIM DOS SANTOS,PARQUE NOVO GRAJAU
8081383,SP,BENJAMIN ANTONIO SALLES ARCURI,PARQUE PAULISTANO
8081385,SP,ANTONIO PIATEZI,PARQUE PAULISTANO
8021457,SP,BENTO JACINTHO DE SALLES,VILA ROSARIA
4429005,SP,MARCOS EVANGELISTA,AMERICANOPOLIS
4854270,SP,ANTONIO,JARDIM ALMEIDA PRADO
4845205,SP,ANISIO BARBOSA DA SILVA,JARDIM REIMBERG
4854260,SP,DANTE CARRARO,JARDIM ALMEIDA PRADO
2812275,SP,DANIEL DE AZEVEDO,JARDIM PAULISTANO
4866190,SP,SILVIO,JARDIM ALMEIDA
4866200,SP,ALMEIDA,JARDIM ALMEIDA
2365016,SP,BLASS DO PRADO,JARDIM SAO JOAO
2282055,SP,GABRIEL DE SOUZA LOPES,JARDIM SAO LUIS
2993005,SP,JOSE DE BONFIM,JARDIM VIVAN
4429003,SP,ANTONINO,AMERICANOPOLIS
5796165,SP,AGNELINA DE SOUSA BEZERRA,JARDIM VALE DAS VIRTUDES
4843555,SP,ANTONIO CARLOS BENJAMIM DOS SANTOS,PARQUE GRAJAU
8430880,SP,GRIS,JARDIM MORENO
8430875,SP,GALATA,JARDIM MORENO
8430873,SP,CAFEEIRO,JARDIM MORENO
8430870,SP,DUALA,JARDIM MORENO
8430863,SP,DELOS,JARDIM MORENO
8430855,SP,BAETAS,JARDIM MORENO
8430853,SP,ABA,JARDIM MORENO
8430850,SP,ABENAQUIS,JARDIM MORENO
3906150,SP,BENIN,JARDIM CAGUASSU
3906140,SP,ABOME,JARDIM CAGUASSU
3906130,SP,DURBAN,JARDIM CAGUASSU
3906120,SP,BAMAKO,JARDIM CAGUASSU
8430885,SP,MANDARIM,JARDIM MORENO
2866165,SP,ALFREDO PEREIRA DOS SANTOS,VILA PENTEADO
4894270,SP,TRES DOS ESPACOS,JARDIM ORIENTAL
4894280,SP,SINFONIA PASTORAL,JARDIM ORIENTAL
4894290,SP,SONATA AO MAR,JARDIM ORIENTAL
4894300,SP,TRINADOS,JARDIM ORIENTAL
4894310,SP,VALSA LENTA,JARDIM ORIENTAL
3906110,SP,ABUJA,JARDIM CAGUASSU
4894330,SP,VALSA SIDERAL,JARDIM ORIENTAL
3906100,SP,RUANDA,JARDIM CAGUASSU
5792065,SP,RAFAEL ALBERTI,JARDIM LEONIDAS MOREIRA
5269065,SP,PEDRO ARCAIA,JARDIM BRITANIA
3924105,SP,GINES ANANIAS GARCIA,JARDIM DONA SINHA
2982195,SP,PAULO ROBERTO LEITE,JARDIM SYDNEY
3812035,SP,CAMILO,VILA SANTA INES
8430890,SP,TARSIO,JARDIM MORENO
4894320,SP,VALSA AMOROSA,JARDIM ORIENTAL
4893170,SP,DIVISA,PARQUE LAGOA RICA
4847220,SP,PAZ,JARDIM NOVO LAR
4856070,SP,ANTONIO CARLOS BENJAMIM DOS SANTOS,JARDIM MYRNA
8090650,SP,GIRASSOIS,JARDIM HELENA
4898100,SP,IPE,JARDIM OLIVEIRAS
4898110,SP,PINOS,JARDIM OLIVEIRAS
4898120,SP,PARTICULAR,JARDIM OLIVEIRAS
4898130,SP,PALMEIRAS,JARDIM OLIVEIRAS
4898140,SP,SERVIDAO,JARDIM OLIVEIRAS
3982065,SP,JOSE MILTON DA SILVA,PARQUE SANTA MADALENA
3129055,SP,BAIA DO MARACANA,VILA PRUDENTE
4893110,SP,LIGACAO,PARQUE LAGOA RICA
4893190,SP,1,PARQUE LAGOA RICA
4893140,SP,LAGOA RICA,PARQUE LAGOA RICA
8430883,SP,LUCINA,JARDIM MORENO
4865200,SP,PARTICULAR,JARDIM IPORA
2813015,SP,CHUVA DE PRATA,JARDIM PAULISTANO
2311060,SP,NAIR,VILA MAZZEI
2997005,SP,LAZER,ESTANCIA JARAGUA
8460590,SP,JOAO BATISTA DA SILVA,JARDIM DO DIVINO
3557025,SP,JOSE RODRIGUES MANO JR,JARDIM HERCILIA
4893150,SP,CONTORNO,PARQUE LAGOA RICA
4866220,SP,INDIO DO BRASIL,JARDIM ALMEIDA
4893160,SP,VIRADOURO,PARQUE LAGOA RICA
3728205,SP,QUIRI,JARDIM CASTELO
4922100,SP,ITUPU,CHACARA VISTA ALEGRE
3637035,SP,OSORIO ANGELO CICONE,PENHA DE FRANCA
8070165,SP,RIO DANUBIO,PARQUE CRUZEIRO DO SUL
4893130,SP,1,PARQUE LAGOA RICA
4845085,SP,ANTONIO CARLOS BENJAMIM DOS SANTOS,JARDIM REIMBERG
4866210,SP,ELVIS,JARDIM ALMEIDA
4852740,SP,DOMINGOS COSTA FIGUEIRA,VILA ARCO IRIS
2635174,SP,CIPO DE IMBE,VILA PEDRA BRANCA
8080363,SP,ILHAS CANARIAS,PARQUE PAULISTANO
3637110,SP,GESSY CARNEIRO RODRIGUES,PENHA DE FRANCA
4855570,SP,JUVENAL HUDSON FERREIRA,JARDIM MYRNA II
4855550,SP,MARIA SANTOS FERREIRA,JARDIM MYRNA II
4855540,SP,IVA MOURA LIMA,JARDIM MYRNA II
4855535,SP,DAYANE ALVES DE ARAUJO,JARDIM MYRNA II
2837185,SP,EXPEDITO DE ARAUJO OLIVEIRA,VILA JOAO BATISTA
4777030,SP,ADIB CASSEB,VILA DA PAZ
8295003,SP,ENG ARDEVAN MACHADO,VILA CARMOSINA
4843445,SP,ROSAS,PARQUE SAO JOSE
4843435,SP,IZABEL,PARQUE SAO JOSE
4843425,SP,16,PARQUE SAO JOSE
4856690,SP,ARDOSIA,JARDIM DAS PEDRAS
4852026,SP,CIDADE DO CABO,JARDIM SHANGRILA
4847200,SP,FRATERNIDADE,JARDIM NOVO LAR
2635172,SP,CAETE VERMELHO,VILA PEDRA BRANCA
5749345,SP,RIO JORDAO,JARDIM DAS PALMAS
2075033,SP,EMBAUBA,VILA PAIVA
4852036,SP,ERITREIA,JARDIM SHANGRILA
4852760,SP,EDUARDO DAS NEVES,VILA ARCO IRIS
4852034,SP,ACRA,JARDIM SHANGRILA
4852750,SP,ANACLETO DE MEDEIROS,VILA ARCO IRIS
5428075,SP,BARRA DA PRATA,PINHEIROS
4853200,SP,BAHIA,JARDIM NORONHA
4852710,SP,DIAMANTE PRETO,VILA ARCO IRIS
4852720,SP,CONFRATERNIZACAO,VILA ARCO IRIS
4852730,SP,HERIVELTO MARTINS,VILA ARCO IRIS
4856700,SP,PEDRA MINEIRA,JARDIM DAS PEDRAS
4852035,SP,NAMIBIA,JARDIM SHANGRILA
4194450,SP,CONQUISTA,JARDIM SAO SAVERIO
4893120,SP,2,PARQUE LAGOA RICA
3517035,SP,RUI CORA,VILA MATILDE
4823355,SP,VICENTE DE PAULA PIRES,JARDIM NIZIA
5813095,SP,ACUDE DE OROS,JARDIM SAO LUIS
8450255,SP,ATILIO VERSUTTI,LAJEADO
2271045,SP,MURICI DO CAMPO,VILA SANTA TEREZINHA
3926015,SP,MIGUEL CARDOSO,JARDIM PARAGUACU
5634025,SP,ANGELO GRILLO,JARDIM MONTE KEMEL
3337055,SP,VALTER GAZARRA,JARDIM ANALIA FRANCO
3333005,SP,CASSIANO DE SOUSA AMIGO,VILA REG FEIJO
4194500,SP,RECANTO DOS PASSAROS,JARDIM SAO SAVERIO
4194490,SP,RECANTO DA FELICIDADE,JARDIM SAO SAVERIO
4194480,SP,OCEANO,JARDIM SAO SAVERIO
4856680,SP,MOSAICO PORTUGUES,JARDIM DAS PEDRAS
4194360,SP,RAIMUNDO NINA RODRIGUES,JARDIM SAO SAVERIO
4856710,SP,GRANITOS,JARDIM DAS PEDRAS
4856630,SP,RELIQUIA DO OCEANO,JARDIM DAS PEDRAS
4856720,SP,PEDRA CRISTAL,JARDIM DAS PEDRAS
4856670,SP,DIAMANTE NEGRO,JARDIM DAS PEDRAS
4856650,SP,PEDRA MARFIM,JARDIM DAS PEDRAS
4194470,SP,VIDA NOVA,JARDIM SAO SAVERIO
4856620,SP,FUNDO DO MAR,JARDIM DAS PEDRAS
4194460,SP,ESTRELA RELUZENTE,JARDIM SAO SAVERIO
4194400,SP,DA MORADIA,JARDIM SAO SAVERIO
4194410,SP,MARAMORES,JARDIM SAO SAVERIO
4194420,SP,CANTINHO DA PAZ,JARDIM SAO SAVERIO
4194430,SP,LIBERTACAO,JARDIM SAO SAVERIO
4194440,SP,SOL BRILHANTE,JARDIM SAO SAVERIO
2635175,SP,ERVA DA VIDA,VILA PEDRA BRANCA
4856640,SP,PEDRA FORMOSA,JARDIM DAS PEDRAS
2807130,SP,TUNIS,JARDIM MARISTELA
2635173,SP,CAPIM DO PARA,VILA PEDRA BRANCA
8180660,SP,VERDE,JARDIM PANTANAL
8180670,SP,REINACER,JARDIM PANTANAL
8180680,SP,KARL MARX,JARDIM PANTANAL
8180690,SP,GAIVOTAS,JARDIM PANTANAL
8180700,SP,PARDAL,JARDIM PANTANAL
8180710,SP,SOCRATES,JARDIM PANTANAL
8180720,SP,GARCAS,JARDIM PANTANAL
8180730,SP,ROUXINOL,JARDIM PANTANAL
8180740,SP,CRIANCAS,JARDIM PANTANAL
8180750,SP,CRIANCAS,JARDIM PANTANAL
8180760,SP,JOSE MARTINS LISBOA,JARDIM PANTANAL
8180770,SP,SALVADOR,JARDIM PANTANAL
8180640,SP,THIAGO,JARDIM PANTANAL
5307171,SP,ANTONIO ALMEIDA,JARDIM HUMAITA
8430860,SP,BALANDIA,JARDIM MORENO
4847230,SP,ALEGRIA,JARDIM NOVO LAR
4852410,SP,3,JARDIM JAU
5307179,SP,XISTO BAHIA,JARDIM HUMAITA
5307177,SP,NILTON BASTOS,JARDIM HUMAITA
8180780,SP,VITORIA,JARDIM PANTANAL
5307173,SP,DONGA,JARDIM HUMAITA
8180790,SP,BAHIA,JARDIM PANTANAL
4836412,SP,OCEANO INDICO,JARDIM ALPINO
4836411,SP,OCEANO ATLANTICO,JARDIM ALPINO
2031205,SP,RACIONALISMO CRISTAO,SANTANA
2952165,SP,CHICO MENDES,JARDIM PAQUETA
4895275,SP,PAULO HENRIQUE HELFSTEIN,COLONIA
8180630,SP,BEIJA FLOR,JARDIM PANTANAL
5307175,SP,JOTA CASCATA,JARDIM HUMAITA
4859355,SP,ANA FELICIA MENDES,CHACARA DO CONDE
2635176,SP,FOLHA DE LEITE,VILA PEDRA BRANCA
4960105,SP,PLANALTO,JARDIM CAPELA
2280330,SP,CORREGO,VILA NOVA GALVAO
4820075,SP,PEDRA MARIA DAS DORES,JARDIM KIKA
5207220,SP,FLOR DE CACTUS,VILA CAIUBA
4856557,SP,ILHAS,JARDIM SABIA II
8452425,SP,ALBERTO MARTINS TORRES,JARDIM LOURDES
8452435,SP,CLAUDIO SANCHEZ ALBORNOZ,JARDIM LOURDES
8452445,SP,EDUARDO BERLENDIS,JARDIM LOURDES
8452455,SP,GIOVANNI CROCE,JARDIM LOURDES
4859335,SP,GRAJAU,CHACARA DO CONDE
3756075,SP,BENEDICTO PHILADELPHO DA SILVA,JARDIM GONZAGA
4859340,SP,AMAI,CHACARA DO CONDE
8180650,SP,JONAS CARDOSO,JARDIM PANTANAL
4859385,SP,EXPEDITO,CHACARA DO CONDE
8180620,SP,EMERSON PAES VIANA,JARDIM PANTANAL
8180600,SP,GAIVOTAS,JARDIM PANTANAL
5267235,SP,SERRA DE GUADALUPE,CJ RES PARAISO
3736005,SP,DARCY BLOCK DE CASTRO,VILA BUENOS AIRES
4859399,SP,ESTRELA QUE BRILHA,CHACARA DO CONDE
4859345,SP,PEDREIRA,CHACARA DO CONDE
4859390,SP,CAMPO GRANDE,CHACARA DO CONDE
4859350,SP,CONSACI,CHACARA DO CONDE
4859380,SP,UNIAO FAZENDA A FORCA,CHACARA DO CONDE
4859375,SP,RAFAEL,CHACARA DO CONDE
4859370,SP,BARRO BRANCO,CHACARA DO CONDE
4859365,SP,MUFF,CHACARA DO CONDE
4859360,SP,ALTO DA ALEGRIA,CHACARA DO CONDE
4847210,SP,CRIANCAS,JARDIM NOVO LAR
4859395,SP,OLGA BERNARDES,CHACARA DO CONDE
4963250,SP,RIO GRANDE DO SUL,CHACARA DA ENSEADA
8143250,SP,INES,JARDIM MIRIAM
5164128,SP,FORTALEZA,CJ HAB TURISTICA
5164127,SP,NATAL,CJ HAB TURISTICA
4186015,SP,GUARAMIRIM,VILA LIVIERO
2378180,SP,FRANCISCO JOSE LOPES,HORTO FLORESTAL
8151605,SP,AURORA,JARDIM CAMPOS
4963240,SP,CAXIAS,CHACARA DA ENSEADA
4963195,SP,EUCALIPTOS,CHACARA DA ENSEADA
4963260,SP,ALBERGATI CAPACELLI,CHACARA DA ENSEADA
8245475,SP,JOSE DE ARAUJO LEITE,JARDIM UBIRAJARA
5164133,SP,PAULO,CJ HAB TURISTICA
4963290,SP,PARAISO,CHACARA DA ENSEADA
5164134,SP,FLORIANOPOLIS,CJ HAB TURISTICA
4963225,SP,BENEDITO,CHACARA DA ENSEADA
4963270,SP,FRANCISCO,CHACARA DA ENSEADA
4963185,SP,JOSE,CHACARA DA ENSEADA
4963280,SP,1,CHACARA DA ENSEADA
8151625,SP,JORGE ASSUNCAO,JARDIM CAMPOS
8151635,SP,RIO GRANDE,JARDIM CAMPOS
8151645,SP,TREVO DE SANTA MARIA,JARDIM CAMPOS
8150164,SP,PARTICULAR G,JARDIM ROBRU
8150168,SP,PARTICULAR I,JARDIM ROBRU
8150166,SP,PARTICULAR H,JARDIM ROBRU
4963230,SP,JANDAIA,CHACARA DA ENSEADA
8150810,SP,PIMENTAS,JARDIM NAZARETH
8143240,SP,BOM JESUS,JARDIM MIRIAM
8143230,SP,CJ UNIAO,JARDIM MIRIAM
4862030,SP,CECILIA,PARQUE SANTA CECILIA
8142810,SP,NOVA JERUSALEM,JARDIM NELIA
8142800,SP,MANFREDO FEST,JARDIM NELIA
8142780,SP,REGRESSO FELIZ,JARDIM NELIA
8142760,SP,ZEZE MACEDO,JARDIM NELIA
4962000,SP,FUNCIONARIOS DOS PUBLICOS,VILA DO SOL
4965140,SP,FUNCIONARIOS DOS PUBLICOS,JARDIM VERA CRUZ
4963010,SP,FUNCIONARIOS DOS PUBLICOS,CHACARA DA ENSEADA
5164129,SP,PORTO ALEGRE,CJ HAB TURISTICA
8150820,SP,BEIRA RIO JR,JARDIM NAZARETH
8131325,SP,DE GUEDES TEIXEIRA,ITAIM PAULISTA
2366265,SP,KOTINDA,JARDIM VILA RICA
5797010,SP,COLEGIO,JARDIM IPE
8490630,SP,FRANCISCO JOSE ALVES,VILA PAULISTA I
8490640,SP,MOACIR GOMES DE ALMEIDA,VILA PAULISTA I
3277025,SP,LUCIO ALVES,VILA EMA
5396465,SP,FRANCISCO DE ASSIS DINIS,PARQUE DOS PRINCIPES
8121106,SP,B,JARDIM CAMARGO NOVO
8121103,SP,ANA NERI,JARDIM CAMARGO NOVO
5164137,SP,MACEIO,CJ HAB TURISTICA
5164139,SP,BRASILIA,CJ HAB TURISTICA
2365010,SP,KOTINDA,JARDIM CORISCO
8111730,SP,ARISTIDES DE BASILE,JARDIM DAS OLIVEIRAS
8111785,SP,TEREZINHA,JARDIM DAS OLIVEIRAS
8111780,SP,100,JARDIM DAS OLIVEIRAS
8111775,SP,11,JARDIM DAS OLIVEIRAS
8111770,SP,DOMINGOS TABATINGA,JARDIM DAS OLIVEIRAS
8430865,SP,DEVA,JARDIM MORENO
8111765,SP,HENRIQUE ABADIE,JARDIM DAS OLIVEIRAS
8111760,SP,JOAO CARLOS AMAT,JARDIM DAS OLIVEIRAS
8111755,SP,JANES NOVACK,JARDIM DAS OLIVEIRAS
8111750,SP,FRANCISCO BORZAGE,JARDIM DAS OLIVEIRAS
8111745,SP,FREDERICO OLMEDA,JARDIM DAS OLIVEIRAS
8150265,SP,SANTOS DIAS DA SILVA,JARDIM ROBRU
8111735,SP,GIOVANE MOSTO,JARDIM DAS OLIVEIRAS
8111800,SP,QUINHENTOS,JARDIM DAS OLIVEIRAS
3383105,SP,LAGO DAS ROSAS,CAPAO DO EMBIRA
4883405,SP,TADEU DE OLIVEIRA WICKBOLD,PARQUE AMAZONAS
4963300,SP,LAMARCA,CHACARA DA ENSEADA
8130465,SP,9,CIDADE KEMEL
8130005,SP,BEIRA RIO,CIDADE KEMEL
8150162,SP,PARTICULAR F,JARDIM ROBRU
8150160,SP,PARTICULAR E,JARDIM ROBRU
8150158,SP,PARTICULAR D,JARDIM ROBRU
8150156,SP,PARTICULAR C,JARDIM ROBRU
8150154,SP,PARTICULAR B,JARDIM ROBRU
8111740,SP,ERICO POTMAN,JARDIM DAS OLIVEIRAS
8150700,SP,GLORIA DA MANHA,JARDIM NAZARETH
8142790,SP,RITA DE CASSIA,JARDIM NELIA
8150152,SP,PARTICULAR A,JARDIM ROBRU
8150800,SP,CARLOS,JARDIM NAZARETH
8150790,SP,BOA AMIZADE,JARDIM NAZARETH
8150780,SP,BETH MARTINS,JARDIM NAZARETH
8150770,SP,ASSIS,JARDIM NAZARETH
8150760,SP,RENASCER,JARDIM NAZARETH
8150750,SP,TREZE DE ABRIL,JARDIM NAZARETH
8150740,SP,MANUEL RIBEIRO DIAS,JARDIM NAZARETH
8150730,SP,ALEGRIA DO NORDESTE,JARDIM NAZARETH
8111790,SP,TREZENTOS,JARDIM DAS OLIVEIRAS
8150710,SP,ROSA DE PEDRA,JARDIM NAZARETH
8111795,SP,400,JARDIM DAS OLIVEIRAS
8150690,SP,JOIA DO CABO,JARDIM NAZARETH
8150680,SP,GOTA DE SOL,JARDIM NAZARETH
8150670,SP,DOCE ALISSO,JARDIM NAZARETH
8150650,SP,FLORES,JARDIM NAZARETH
8150645,SP,BEIRA RIO,JARDIM NAZARETH
8111825,SP,MAGDIEL ALVES DE MORAIS,JARDIM DAS OLIVEIRAS
8111820,SP,VITORIA,JARDIM DAS OLIVEIRAS
8111815,SP,FLORES,JARDIM DAS OLIVEIRAS
8111810,SP,700,JARDIM DAS OLIVEIRAS
8111805,SP,600,JARDIM DAS OLIVEIRAS
8151615,SP,FLORES,JARDIM CAMPOS
8150720,SP,TANCREDO NEVES,JARDIM NAZARETH
4775167,SP,ELIZETE,JARDIM MARABA
3068005,SP,CATARATAS DO IGUACU,TATUAPE
8452505,SP,CASSUNUNGA,JARDIM LOURDES
4880055,SP,JAIME EUSTAQUIO PACHECO,RECANTO CAMPO BELO
3733020,SP,FLORENCIO,CANGAIBA
3615000,SP,FLORENCIO,VILA FELIZ
8120595,SP,BEIRA RIO PARTICULAR,JARDIM VIRGINIA
8120485,SP,BEIRA RIO,JARDIM IDA GUEDES
3939072,SP,FOLHA DE PRATA,JARDIM NOSSA SENHORA APARECIDA
5885380,SP,SIDNEY ANDRE DOS SANTOS,JARDIM COMERCIAL
8152125,SP,LUA NOVA,JARDIM BARTIRA
3939069,SP,FLOR DO CERRADO,JARDIM NOSSA SENHORA APARECIDA
4892025,SP,ROSAS,JARDIM SILVEIRA
4405095,SP,FRANCISCO RORATO,AMERICANOPOLIS
4920125,SP,BERNARDO GOLDFARB,JARDIM ANGELA
8142880,SP,2,JARDIM NELIA
8142870,SP,BEIRA CAMPOS,JARDIM NELIA
8142860,SP,PARTICULAR PT,JARDIM NELIA
4892035,SP,EUSTAQUIO,JARDIM SILVEIRA
2925165,SP,BENEDITO SOARES PEREIRA,FREGUESIA DO O
8160385,SP,7 DE SETEMBRO,PARQUE IND
8160375,SP,QUINZE DE NOVEMBRO,PARQUE IND
4962045,SP,OTAVIO NEVES,VILA DO SOL
4962030,SP,NICOLAU BORBONI,VILA DO SOL
3687075,SP,ANTONIO CIRILO GABRIEL,JARDIM ARTUR ALVIM
2202035,SP,AUGUSTO MAGNE,VILA EDE
2763085,SP,ANTONIO MENDES BARBOSA,JARDIM CACHOEIRA
4182125,SP,A,JARDIM SANTA CRUZ
4894240,SP,SORDINO,JARDIM ORIENTAL
8143260,SP,POMPEU,JARDIM MIRIAM
8131315,SP,DE ALMEIDA GALEAO,ITAIM PAULISTA
4894230,SP,VENTOS E RAMAGENS,JARDIM ORIENTAL
4894210,SP,TROVA SAUDOSA,JARDIM ORIENTAL
8120565,SP,CAFE,JARDIM CAMARGO NOVO
4894200,SP,VENTOS DO AMOR,JARDIM ORIENTAL
3407045,SP,MANOEL GONCALEZ ALHILLA,CHACARA CALIFORNIA
8142770,SP,CANAA,JARDIM NELIA
4182115,SP,B,JARDIM SANTA CRUZ
4894250,SP,SONATA PATETICA,JARDIM ORIENTAL
4902015,SP,GUARAPIRANGA,PARQUE ALVES DE LIMA
2542113,SP,JOAO VITORINO DA SILVA,SITIO DO MANDAQUI
4177447,SP,JOAO DE ATALIBA,JARDIM CLIMAX
4177445,SP,ISMAEL PONTES,JARDIM CLIMAX
8490018,SP,DE GONDORIZ,VILA HORTENCIA
8490007,SP,DE MONTE BRASIL,VILA HORTENCIA
8490008,SP,DE GRAMOSA,VILA HORTENCIA
8490019,SP,DA GRACA DE ARACATI,VILA HORTENCIA
8490009,SP,DE GOUVINHAS,VILA HORTENCIA
3976085,SP,MANUEL SANCHES MORALES,JARDIM SAPOPEMBA
4950135,SP,SANHACO AZUL,CIDADE IPAVA
8031080,SP,AGUA VERMELHA,VILA NOVA CURUCA
8431470,SP,AGUA VERMELHA,PARQUE GUAIANAZES
4894260,SP,TRES EPISODIOS,JARDIM ORIENTAL
8431430,SP,JABIRU,PARQUE GUAIANAZES
2993007,SP,DE PROENCA VIEIRA,JARDIM VIVAN
4910015,SP,GUARAPIRANGA,PRAIA DA LAGOA
4917165,SP,GUARAPIRANGA,JARDIM JAPAO
4917005,SP,GUARAPIRANGA,JARDIM SAO JOAQUIM
4915065,SP,GUARAPIRANGA,JARDIM FIGUEIRA GRANDE
4904115,SP,GUARAPIRANGA,JARDIM DAS FLORES
4904025,SP,GUARAPIRANGA,JARDIM TUPA
4902005,SP,GUARAPIRANGA,PARQUE ALVES DE LIMA
4909025,SP,GUARAPIRANGA,JARDIM ALFREDO
4856120,SP,SAMUEL KHURI,JARDIM MYRNA
4855560,SP,SAMUEL KHURI,JARDIM MYRNA II
4843430,SP,ANTONIO CARLOS BENJAMIM DOS SANTOS,PARQUE SAO JOSE
4844445,SP,ANTONIO CARLOS BENJAMIM DOS SANTOS,JARDIM SAO BERNARDO
4847205,SP,ANTONIO CARLOS BENJAMIM DOS SANTOS,JARDIM NOVO LAR
8031020,SP,JABIRU,VILA NOVA CURUCA
4854250,SP,JOSE ROBERTO COTIME,JARDIM ALMEIDA PRADO
4844750,SP,B,JARDIM SANTA FRANCISCA CABRINI
4844345,SP,B,JARDIM SAO BERNARDO
4844305,SP,PRINCIPAL,JARDIM SAO BERNARDO
4835385,SP,TATUAGEM,JARDIM BEATRIZ
4835375,SP,CAMPOS,JARDIM BEATRIZ
8382090,SP,RAFAEL,RECANTO VERDE DO SOL
2190120,SP,BARACELA,PARQUE NOVO MUNDO
3882180,SP,DOMITILA,VILA PONTE RASA
2253005,SP,1 SARG PM RAUL FERNANDES DAS NEVES NETO,VILA GUSTAVO
8430028,SP,BAIA DE EMBORAI,JARDIM SANTA TEREZINHA
8430027,SP,BAIA DE CAETE,JARDIM SANTA TEREZINHA
8143310,SP,BELA VISTA,JARDIM MIRIAM
8050570,SP,TREVO DE SANTA MARIA,JARDIM DAS CAMELIAS
8235560,SP,TREVO DE SANTA MARIA,PARQUE GUARANI
8143270,SP,UNIAO,JARDIM MIRIAM
8143280,SP,ALBERTO MARTINS TORRES,JARDIM MIRIAM
8143290,SP,CLAUDIO SANCHES ALBORNOZ,JARDIM MIRIAM
8143370,SP,CAPITOLIO,JARDIM INDAIA
1534000,SP,MUNIZ DE SOUSA,ACLIMACAO
8143300,SP,FRANCISCO,JARDIM MIRIAM
8143380,SP,CAMPOS VERDES,JARDIM INDAIA
8143320,SP,RITA,JARDIM MIRIAM
8143330,SP,FERNANDO DE NORONHA,JARDIM MIRIAM
8143350,SP,MISSAL,JARDIM INDAIA
8143355,SP,FEIRA DA MATA,JARDIM INDAIA
3939067,SP,FLOR DE CARDEAL,JARDIM NOSSA SENHORA APARECIDA
8474135,SP,PROF CHAVES,CJ HAB C ALVES
8143360,SP,BARRA DA ESTIVA,JARDIM INDAIA
8143410,SP,PARTICULAR,JARDIM INDAIA
8142850,SP,PARTICULAR NELIA,JARDIM NELIA
8142840,SP,FERNANDO ALVES DOS SANTOS,JARDIM NELIA
8142830,SP,IRANI BASTOS MALTA,JARDIM NELIA
8142820,SP,FELICIDADE,JARDIM NELIA
8143420,SP,VITORIA,JARDIM INDAIA
8050725,SP,ROSA DA SIRIA,JARDIM DAS CAMELIAS
8143400,SP,PARTICULAR,JARDIM INDAIA
8143390,SP,SAPE,JARDIM INDAIA
3938172,SP,AMARAL DO CABO FRIO,JARDIM PARAGUACU
8220225,SP,JOSE DE APARECIDA,C A E CARVALHO
3938173,SP,DE ALMEIDA BELEM,JARDIM PARAGUACU
3938171,SP,ANIBAL,JARDIM PARAGUACU
3938174,SP,CIPRIANO DE CASTRO,JARDIM PARAGUACU
8143430,SP,JOSE ALVES IRMAO,JARDIM MIRIAM
5205381,SP,96 BAMBURRAL,JARDIM RUSSO
5207081,SP,24 DE DEZEMBRO,VILA CAIUBA
5207082,SP,25 DE DEZEMBRO,VILA CAIUBA
5207051,SP,LIRIOS AZUIS,VILA CAIUBA
4892235,SP,LUCAS ROSCHEL RASQUINHO,COLONIA
5574007,SP,ELIZABETHA KISBERI,BUTANTA
5205191,SP,37 ITAQUARU,JARDIM RUSSO
5205371,SP,2 B ARVORE DE SAO TOMAS,JARDIM RUSSO
8120660,SP,GOLFO DE LION,JARDIM VIRGINIA
5205382,SP,114 BAMBURRAL,JARDIM RUSSO
5205341,SP,SEICENTOS E 40 JULIO DE M NEGRAO,JARDIM RUSSO
5205342,SP,1 JULIO DE MOURA NEGRAO,JARDIM RUSSO
5205221,SP,480 TRES GERALDO DE REZENDE,JARDIM RUSSO
5205222,SP,490 GERALDO DE REZENDE,JARDIM RUSSO
5205223,SP,1 B GERALDO DE REZENDE,JARDIM RUSSO
4848185,SP,CLEIDENICE SANTOS RIBAS,JARDIM SANTA BARBARA
1216012,SP,DE PIRACICABA,CAMPOS ELISEOS
1213003,SP,OSORIO,SANTA EFIGENIA
1213002,SP,OSORIO,SANTA EFIGENIA
1210003,SP,VITORIA,SANTA EFIGENIA
1210002,SP,VITORIA,SANTA EFIGENIA
1212001,SP,GUSMOES,SANTA EFIGENIA
1212002,SP,GUSMOES,SANTA EFIGENIA
8120650,SP,PRAIA DO TUPE,JARDIM VIRGINIA
1216011,SP,DE PIRACICABA,CAMPOS ELISEOS
8120680,SP,ERCILIO ADOLFO,JARDIM VIRGINIA
1208011,SP,TIMBIRAS,SANTA EFIGENIA
1208012,SP,TIMBIRAS,SANTA EFIGENIA
3059001,SP,JULIO DE CASTILHOS,BELENZINHO
3059005,SP,JULIO DE CASTILHOS,BELENZINHO
8120670,SP,CALISTEMO,JARDIM VIRGINIA
4413085,SP,RIO SERENO,JARDIM SUL SAO PAULO
5676120,SP,MAGALHAES DE CASTRO,CIDADE JARDIM
8346080,SP,VILA BELA,JARDIM CONQUISTA
8310598,SP,TRES,JARDIM VERA CRUZ
4880065,SP,JAMBOS,RECANTO CAMPO BELO
4855235,SP,HONORIO MARTINS,JARDIM BELCITO
8191100,SP,IDA VIEIRA NETO,JARDIM MARGARIDA
8310594,SP,2,JARDIM VERA CRUZ
8330587,SP,1,CIDADE SATELITE SANTA BARBARA
8346377,SP,VITORIA,JARDIM CONQUISTA
8340495,SP,JOSE COSTA,JARDIM VILA CARRAO
8310562,SP,1,PARQUE SAO RAFAEL
3689035,SP,TRES FOLHAS,JARDIM NORDESTE
5873385,SP,MARGARIDA,MORRO DO INDIO
5205161,SP,35 JOAO JUSTINIANO SILVA,JARDIM RUSSO
8310592,SP,1,JARDIM VERA CRUZ
5281013,SP,JERUSALEM,CJ RES M SOL
4476115,SP,FRANCISCO BONFIM,ELDORADO
8340425,SP,PAZ,JARDIM VILA CARRAO
3894225,SP,RODANO,VILA BAUAB
8130335,SP,BENTO DE ARARAS,CIDADE KEMEL
8346375,SP,CASTRO ALVES,JARDIM CONQUISTA
2281170,SP,MOR SOUZA BOTAFOGO,VILA NOVA GALVAO
4880053,SP,RECANTO,RECANTO CAMPO BELO
4848025,SP,NAPOLEAO,JARDIM SANTA BARBARA
8310561,SP,2,PARQUE SAO RAFAEL
2121021,SP,ORLANDO MONTEIRO,VILA MARIA
4424017,SP,OSWALDO MAZETI,CIDADE JULIA
4424019,SP,MANOEL TEIXEIRA DE OLIVEIRA,CIDADE JULIA
4823025,SP,MEDEIROS,JARDIM MALIA I
5173020,SP,JOAO FERRERO VERSINO,VILA PIRITUBA
4424013,SP,EMILIA DE JESUS MAZETI,CIDADE JULIA
5205372,SP,1 ARVORE DE SAO TOMAS,JARDIM RUSSO
2812005,SP,NASCENTE DO PAULISTANO,JARDIM PAULISTANO
8285065,SP,ITAQUERA,CIDADE LIDER
3120015,SP,CURUPACE,MOOCA
4376002,SP,GUSTAVO DA SILVEIRA,VILA SANTA CATARINA
4376004,SP,GUSTAVO DA SILVEIRA,VILA SANTA CATARINA
4376006,SP,GUSTAVO DA SILVEIRA,VILA SANTA CATARINA
4376008,SP,GUSTAVO DA SILVEIRA,VILA SANTA CATARINA
4941175,SP,BARONESA,PARQUE BOLOGNE
8240170,SP,B B VARELA,JARDIM LIDERANCA
8240173,SP,B B VARELA,VILA TAQUARI
4370003,SP,JOAO BARRETO DE MENEZES,VILA SANTA CATARINA
4370006,SP,JOAO BARRETO DE MENEZES,VILA SANTA CATARINA
3450000,SP,ITAQUERA,PARQUE MARIA LUIZA
4427022,SP,JUPI,AMERICANOPOLIS
8285060,SP,ITAQUERA,CIDADE LIDER
4963310,SP,PROJETADA,JARDIM HORIZONTE AZUL
8295000,SP,ITAQUERA,VILA CARMOSINA
8295001,SP,ITAQUERA,VILA CARMOSINA
3526000,SP,ITAQUERA,JARDIM MARINGA
4434015,SP,SELMA KURTZ,JARDIM MARIA LUIZA
4429135,SP,FOLHA DA NOITE,AMERICANOPOLIS
4429065,SP,PRIMEIRA ESTAMPA ESPORTIVA,AMERICANOPOLIS
8421552,SP,GITIRANA,CJ HAB FAZENDA CARMO
2994051,SP,1,JARDIM BANDEIRANTES
2994053,SP,TRES,JARDIM BANDEIRANTES
4476075,SP,ANTONIO JOSE XAVIER,ELDORADO
2987001,SP,2,PARQUE TAIPAS
2987002,SP,10,PARQUE TAIPAS
3450001,SP,ITAQUERA,PARQUE MARIA LUIZA
4417186,SP,10,JARDIM MIRIAM
4963194,SP,RUGIERO FEDELI,CHACARA DA ENSEADA
4426015,SP,BOA ESPERANCA,JARDIM MIRIAM
4433185,SP,SILVIA,JARDIM SAO CARLOS
4409085,SP,DELFINO FACCHINA,AMERICANOPOLIS
4410115,SP,RAFAEL PARISI,AMERICANOPOLIS
4410175,SP,MANOEL,AMERICANOPOLIS
4411225,SP,BARBARA,AMERICANOPOLIS
4410006,SP,VIRGILIO,AMERICANOPOLIS
4410004,SP,VIRGILIO,AMERICANOPOLIS
4410046,SP,FERRUCIO,AMERICANOPOLIS
4410005,SP,CACAU AZUL,AMERICANOPOLIS
4407035,SP,TRES,VILA IMPERIO
3120010,SP,CURUPACE,MOOCA
4407098,SP,JOAO SOARES COELHO,VILA IMPERIO
4822150,SP,GONCALO VELHO CABRAL,PARQUE AMERICA
4920005,SP,3,JARDIM HERCULANO
4372062,SP,AMERICO MORETTI,VILA SANTA CATARINA
4372064,SP,AMERICO MORETTI,VILA SANTA CATARINA
4387002,SP,RODRIGUES MONTEMOR,CIDADE DOMITILA
4387004,SP,RODRIGUES MONTEMOR,CIDADE DOMITILA
4920065,SP,4,JARDIM HERCULANO
4915005,SP,ROSALIAS,JARDIM FIGUEIRA GRANDE
4915015,SP,JOAO FELIPE,JARDIM FIGUEIRA GRANDE
4912130,SP,HAMILTON,GUARAPIRANGA
4912125,SP,MARIO MARCONDES PEREIRA,GUARAPIRANGA
4912105,SP,ITALIA,GUARAPIRANGA
2981041,SP,1,JARDIM SYDNEY
4407115,SP,LUIGI BASSI,VILA IMPERIO
8220021,SP,27,C A E CARVALHO
2987003,SP,GOV,PARQUE TAIPAS
2993001,SP,CJ 302,JARDIM VIVAN
2997001,SP,NUNES CHAGAS,ESTANCIA JARAGUA
2997002,SP,DECIO ARAUJO,ESTANCIA JARAGUA
4384034,SP,MOREIRA LIMA,JARDIM JABAQUARA
2997256,SP,HUMILDES,ESTANCIA JARAGUA
2991142,SP,QUINZE,JARDIM RINCAO
2994031,SP,MARIA MADALENA DA SILVA,JARDIM BANDEIRANTES
2994032,SP,2,JARDIM BANDEIRANTES
2994033,SP,RAIMUNDO SOARES FERREIRA,JARDIM BANDEIRANTES
2994034,SP,9,JARDIM BANDEIRANTES
2994035,SP,6,JARDIM BANDEIRANTES
2992003,SP,2,PARQUE PANAMERICANO
8220011,SP,26,C A E CARVALHO
2991042,SP,2,JARDIM RINCAO
8220041,SP,25,C A E CARVALHO
8220111,SP,30,C A E CARVALHO
2328001,SP,CONQUISTA,JARDIM PALMARES
2328042,SP,BAHIA,JARDIM PALMARES
2328142,SP,JOSE II,JARDIM PALMARES
4963325,SP,JOAO FERNANDES,JARDIM HORIZONTE AZUL
4963330,SP,ALBERGATTE CAPACELI,JARDIM HORIZONTE AZUL
4963335,SP,INTERNA,JARDIM HORIZONTE AZUL
4963340,SP,PAULO,JARDIM HORIZONTE AZUL
4963354,SP,BOA VISTA,JARDIM HORIZONTE AZUL
4963350,SP,ALAN NAPIER,JARDIM HORIZONTE AZUL
4963192,SP,RUGIERO FEDELI,CHACARA DA ENSEADA
8240213,SP,ANA ROSA MOREIRA DA SILVA,JARDIM NORMA
4421225,SP,GERCINO GOMES DA SILVA,CIDADE JULIA
4427021,SP,LUCIANA,AMERICANOPOLIS
2981085,SP,OLARIA,JARDIM SYDNEY
2981087,SP,MARIA SILVESTRE OLIVEIRA,JARDIM SYDNEY
2982141,SP,1,JARDIM MAGGI
2982142,SP,2,JARDIM MAGGI
2985001,SP,1,JARDIM PIRITUBA
2986081,SP,MAE EVA,PARQUE TAIPAS
2986082,SP,CIGANA,PARQUE TAIPAS
2986083,SP,1,PARQUE TAIPAS
2986084,SP,TRES,PARQUE TAIPAS
2986085,SP,PROJETADA,PARQUE TAIPAS
2567250,SP,LEO ARAUJO,CJ H MORRO ESPERANCA
2992131,SP,TRES,PARQUE PANAMERICANO
2567253,SP,MAURO BORJA LOPES BORJALO,CJ H MORRO ESPERANCA
2981021,SP,2,JARDIM SYDNEY
4421235,SP,JOCIMAR SILVEIRA,CIDADE JULIA
4421240,SP,BOA ESPERANCA,CIDADE JULIA
4425005,SP,BOM DO RETIRO,CIDADE JULIA
4425025,SP,ASSEMBLEIA,CIDADE JULIA
4425035,SP,CAMPO,CIDADE JULIA
4414175,SP,OLIVERIO GIRONDO,VILA CLARA
2991016,SP,1,JARDIM RINCAO
2991031,SP,1,JARDIM RINCAO
2991032,SP,2,JARDIM RINCAO
2991033,SP,TRES,JARDIM RINCAO
2991034,SP,42,JARDIM RINCAO
2991041,SP,1,JARDIM RINCAO
2567252,SP,MARIA ISABEL BALTAR DA ROCHA,CJ H MORRO ESPERANCA
8180525,SP,IBACABA,VILA SEABRA
4421195,SP,CATARINA,JARDIM LUSO
4421245,SP,ANTONIO SENA,CIDADE JULIA
4429002,SP,ULTIMA HORA,AMERICANOPOLIS
4830302,SP,APARECIDA,JORDANOPOLIS
4830304,SP,MARCELINA,JORDANOPOLIS
4830306,SP,CRISTOVAO,JORDANOPOLIS
4842305,SP,MARIA CELESTINA FRAGA,PARQUE GRAJAU
4413015,SP,BALDOMERO FERNANDEZ,JARDIM SUL SAO PAULO
4413075,SP,ALFREDO CLEMENTE,JARDIM SUL SAO PAULO
4414015,SP,GREGORIO GUTIERRES,VILA CLARA
4413082,SP,IDA MAIA DE CARVALHO,JARDIM SUL SAO PAULO
4427023,SP,JOAO PAULO RODRIGUES,AMERICANOPOLIS
4891395,SP,PASCOAL BELMONT,ENG MARSILAC
4417182,SP,MARIA LUISA,JARDIM MIRIAM
4429265,SP,GERALDAO,AMERICANOPOLIS
4429225,SP,RODOLPHO BRANDAO,AMERICANOPOLIS
4430115,SP,KIPNIS,VILA MISSIONARIA
4430135,SP,GREGORIO MAGNO,VILA MISSIONARIA
4430345,SP,LUIS CLIVIS DE CARVALHO,VILA MISSIONARIA
4430355,SP,PARTICULAR,VILA MISSIONARIA
4430385,SP,ROMUALDO MAURO,VILA MISSIONARIA
4430164,SP,VITORIA,VILA MISSIONARIA
4430112,SP,AQUINO,VILA MISSIONARIA
4430132,SP,5,VILA MISSIONARIA
4430155,SP,3,VILA MISSIONARIA
4430097,SP,ALDEINHA,VILA MISSIONARIA
3755055,SP,PEMIRIM,VILA CONSTANCA
2994071,SP,1,JARDIM BANDEIRANTES
4384032,SP,MOREIRA LIMA,JARDIM JABAQUARA
4379074,SP,CHARLES DARWIN,VILA SANTA CATARINA
4379072,SP,CHARLES DARWIN,VILA SANTA CATARINA
4377038,SP,CIDADE DE BAGDA,VILA MIRA
4377036,SP,CIDADE DE BAGDA,VILA MIRA
4368006,SP,DJALMA PINHEIRO FRANCO,VILA SANTA CATARINA
4368003,SP,DJALMA PINHEIRO FRANCO,VILA SANTA CATARINA
4379028,SP,EMILIO DE SOUSA DOCCA,VILA SANTA CATARINA
4379026,SP,EMILIO DE SOUSA DOCCA,VILA SANTA CATARINA
4379024,SP,EMILIO DE SOUSA DOCCA,VILA SANTA CATARINA
4379022,SP,EMILIO DE SOUSA DOCCA,VILA SANTA CATARINA
4963320,SP,FRANCISCO,JARDIM HORIZONTE AZUL
4414005,SP,MARGARIDA,VILA CLARA
8440042,SP,LATINA,JARDIM GUAIANAZES
4194355,SP,JUVENCIO MONTES,JARDIM SAO SAVERIO
2994061,SP,1,JARDIM BANDEIRANTES
2994052,SP,2,JARDIM BANDEIRANTES
4434224,SP,SEBASTIAO,JARDIM ORLY
4411075,SP,MC CONNEL,AMERICANOPOLIS
4408005,SP,NOVELO,AMERICANOPOLIS
4409025,SP,RUBENS LOPES,AMERICANOPOLIS
4409022,SP,RIBEIRAO PRETO,AMERICANOPOLIS
4408085,SP,CONCHAS,AMERICANOPOLIS
4411033,SP,GIOVANNI MARIO,AMERICANOPOLIS
4416202,SP,2,JARDIM MIRIAM
4416235,SP,TRES,JARDIM MIRIAM
4430095,SP,8 DE JULHO,VILA MISSIONARIA
4963315,SP,ANTONIO,JARDIM HORIZONTE AZUL
2987108,SP,PAPAGAIO,PARQUE TAIPAS
4430065,SP,ANDRE MESSAGER,VILA MISSIONARIA
5570775,SP,CAIXA D AGUA,VILA NOVA ESPERANCA
5570770,SP,PAIVA,VILA NOVA ESPERANCA
5570760,SP,GOIAS,VILA NOVA ESPERANCA
5570756,SP,B,VILA NOVA ESPERANCA
5570755,SP,PARAISO,VILA NOVA ESPERANCA
5570700,SP,PROGRESSO,VILA NOVA ESPERANCA
3977007,SP,BANANEIRA DE JARDIM,FAZENDA DA JUTA
2987173,SP,AGENOR,PARQUE TAIPAS
2987172,SP,SANTOS,PARQUE TAIPAS
2987102,SP,PARTICULAR,PARQUE TAIPAS
5850252,SP,AVELINA,PARQUE SANTO ANTONIO
5570777,SP,C,VILA NOVA ESPERANCA
2987109,SP,RIACHO DOCE,PARQUE TAIPAS
5570780,SP,GRILO,VILA NOVA ESPERANCA
2987107,SP,MIRA DA ESTRELA,PARQUE TAIPAS
2987106,SP,MIRA DO SOL,PARQUE TAIPAS
2987105,SP,MIRA DA LUA,PARQUE TAIPAS
2987104,SP,PINHEIROS,PARQUE TAIPAS
2987103,SP,LEDA,PARQUE TAIPAS
2981031,SP,2,JARDIM SYDNEY
2987101,SP,5,PARQUE TAIPAS
4413025,SP,URBINO,JARDIM SUL SAO PAULO
4413065,SP,RENATO NOGUEIRA,JARDIM SUL SAO PAULO
4414035,SP,ORIVETO,VILA CLARA
4413055,SP,TIBERIADES,JARDIM SUL SAO PAULO
4425095,SP,7,CIDADE JULIA
4930315,SP,SERVIDAO DE SAO MARCOS,JARDIM SANTA MARGARIDA
4913095,SP,LILI,JARDIM SANTA EDWIGES
2991141,SP,65,JARDIM RINCAO
4430092,SP,ANGELO REMAZZOTTI,VILA MISSIONARIA
4432117,SP,CAMPANARIO,JARDIM SAO JORGE
4432027,SP,ELIAS,JARDIM SAO JORGE
4432115,SP,MARIA DA CONCEICAO,JARDIM SAO JORGE
4432025,SP,TEODOMIRO,JARDIM SAO JORGE
2987061,SP,CJ,PARQUE TAIPAS
2987091,SP,PAZ,VILA SANTO ANTONIO
4405185,SP,A,CIDADE ADEMAR
4403205,SP,ALAGOAS,VILA MARARI
4428115,SP,MENDES,AMERICANOPOLIS
4427005,SP,MILENIO,AMERICANOPOLIS
5570776,SP,A,VILA NOVA ESPERANCA
4913005,SP,BENTO DE SOUSA,JARDIM SANTA EDWIGES
4430235,SP,MARIANO RINALDI,VILA MISSIONARIA
4914005,SP,8,JARDIM FIGUEIRA GRANDE
4915075,SP,LUZ,JARDIM FIGUEIRA GRANDE
4915062,SP,SEBASTIAO,JARDIM FIGUEIRA GRANDE
4915025,SP,PEDRO DA COSTA,JARDIM FIGUEIRA GRANDE
4915055,SP,OLIVEIRA SILVA,JARDIM FIGUEIRA GRANDE
4915085,SP,JOSE,JARDIM FIGUEIRA GRANDE
4915035,SP,FERREIRA,JARDIM FIGUEIRA GRANDE
4915023,SP,ROSAS,JARDIM FIGUEIRA GRANDE
4915045,SP,FRAGOSO,JARDIM FIGUEIRA GRANDE
4915021,SP,JOAO RABELO,JARDIM FIGUEIRA GRANDE
4434226,SP,PIAUI,JARDIM ORLY
4432022,SP,VICENTE,JARDIM SAO JORGE
4428075,SP,PARAISO,AMERICANOPOLIS
8372300,SP,ALAMANDA ROXA,SITIO DA BARRA
2934401,SP,RIO VERDE,VILA GENIOLI
2934400,SP,RIO VERDE,VILA GENIOLI
2934001,SP,RIO VERDE,VILA BRUNA
2957025,SP,COUTINHO DE MONTAURI,VILA MIRANTE
2950010,SP,PEDRO MUSTRE PORTUGAL,VILA PEREIRA BARRETO
8190395,SP,JOSE PEDRO DE MENDONCA,VILA ITAIM
4905100,SP,OROZIMBO RODRIGUES PAIVA,VILA REMO
8372306,SP,LIRIO DA INDIA,SITIO DA BARRA
8372302,SP,CRAVO DO CAMPO,SITIO DA BARRA
8372308,SP,QUINQUILHO,SITIO DA BARRA
4881030,SP,JOAQUIM ASSUNCAO,JARDIM PAULO AFONSO
5869255,SP,IRENA SENDLER,CAPAO REDONDO
8473720,SP,LAJEDO,JARDIM VITORIA
5265125,SP,LAZARO CARRASCOZA VASCO,JARDIM JARAGUA
2934201,SP,RIO VERDE,VILA BRUNA
2934200,SP,RIO VERDE,VILA BRUNA
2934000,SP,RIO VERDE,VILA BRUNA
8190405,SP,CAMBOINHA,VILA ITAIM
8372304,SP,JASMIM DE CAIENA,SITIO DA BARRA
2924600,SP,EDGAR FACO,VILA PALMEIRAS
4893185,SP,EUCALIPTOS,PARQUE LAGOA RICA
8280210,SP,FRANCISCO MUNHOZ FILHO,CIDADE LIDER
8280107,SP,FRANCISCO MUNHOZ FILHO,CIDADE LIDER
3124020,SP,JUVENTUS,PARQUE DA MOOCA
2924401,SP,EDGAR FACO,VILA PEREIRA CERCA
2997003,SP,A,ESTANCIA JARAGUA
2924000,SP,EDGAR FACO,VILA ARCADIA
2924001,SP,EDGAR FACO,VILA ARCADIA
2924200,SP,EDGAR FACO,VILA OLGA CECILIA
2924201,SP,EDGAR FACO,VILA OLGA CECILIA
2924601,SP,EDGAR FACO,VILA PALMEIRAS
3124021,SP,JUVENTUS,PARQUE DA MOOCA
3983025,SP,RIO TAVORA,JARDIM PLANALTO
2924400,SP,EDGAR FACO,VILA PEREIRA CERCA
4717905,SP,ALEXANDRE DUMAS,CHACARA SANTO ANTONIO
4533912,SP,TABAPUA,ITAIM BIBI
2079900,SP,MARCILIO FRANCO,VILA ISOLINA MAZZEI
3102902,SP,ALCANTARA MACHADO,MOOCA
1045903,SP,REPUBLICA,REPUBLICA
1032902,SP,TOBIAS,CENTRO
1046905,SP,LUIS,CENTRO
5650905,SP,MORUMBI,MORUMBI
1501908,SP,PAULINA,CENTRO
5345903,SP,EURILO,JAGUARE
1218900,SP,CLEVELAND,CAMPOS ELISEOS
4045901,SP,JABAQUARA,MIRANDOPOLIS
4258900,SP,ZEFERINO VAZ,VILA ARAPUA
4104903,SP,APENINOS,PARAISO
3827902,SP,ASSIS RIBEIRO,JARDIM NOVA TEREZA
2001900,SP,OLAVO FONTOURA,SANTANA
2022901,SP,BRAZ LEME,SANTANA
5396901,SP,DARCY REIS,PARQUE DOS PRINCIPES
5001900,SP,FRANCISCO MATARAZZO,AGUA BRANCA
2611900,SP,PARADA PINTO,VILA NOVA CACHOEIRINHA
4028900,SP,IBIRAPUERA,INDIANOPOLIS
4043900,SP,LUIS GOIS,MIRANDOPOLIS
5065903,SP,EMILIO GOELDI,LAPA DE BAIXO
2088900,SP,ATALIBA LEONEL,CARANDIRU
5350901,SP,ESCOLA POLITECNICA,JAGUARE
1411902,SP,JOAO MANUEL,CERQUEIRA CESAR
3031902,SP,TIERS,CANINDE
5112901,SP,ANHANGUERA,VILA MARIA EUGENIA
1017906,SP,RANGEL PESTANA,SE
5686903,SP,FRANCISCO TRAMONTANO,REAL PARQUE
3168900,SP,TRILHOS,MOOCA
1254902,SP,ALFONSO BOVERO,SUMARE
5401912,SP,REBOUCAS,CERQUEIRA CESAR
4795915,SP,NACOES UNIDAS,VILA ALMEIDA
4726901,SP,JOAO CARLOS DA SILVA BORGES,VILA CRUZEIRO
2063903,SP,MORVAN DIAS DE FIGUEIREDO,VILA GUILHERME
4101903,SP,VERGUEIRO,PARAISO
3122902,SP,JOAQUIM DE MELO,PARQUE DA MOOCA
4583916,SP,CHUCRI ZAIDAN,VILA CORDEIRO
1333909,SP,CINCINATO BRAGA,BELA VISTA
2515900,SP,MARAMBAIA,CASA VERDE
5113901,SP,ANHANGUERA,CHACARA SAO JOAO
5157900,SP,PAULO ZINGG,VILA JARAGUA
2598900,SP,CAETANO ALVARES,LIMAO
2710900,SP,CELESTINO BOURROUL,JARDIM PEREIRA LEITE
4553903,SP,BANDEIRANTES,VILA OLIMPIA
5345904,SP,EURILO,JAGUARE
1141900,SP,ANTARTICA,VARZEA DA BARRA FUNDA
4122900,SP,CRUZ,VILA MARIANA
2177900,SP,AMARO FELICISSIMO DA SILVEIRA,PARQUE NOVO MUNDO
3190901,SP,ATALAIA VELHA,ALTO DA MOOCA
1234905,SP,PACAEMBU,PACAEMBU
4565901,SP,FLORIDA,CIDADE MONCOES
4566904,SP,MICHIGAN,CIDADE MONCOES
3118901,SP,DIAS LEME,MOOCA
4723901,SP,JOAO DIAS,SANTO AMARO
5323903,SP,ALTINO,JAGUARE
3165901,SP,MOOCA,MOOCA
5576901,SP,RAPOSO TAVARES,JARDIM MARIA LUIZA
4117900,SP,PINTO FERRAZ,VILA MARIANA
1407900,SP,9 DE JULHO,JARDIM PAULISTA
5036900,SP,CENNO SBRIGHI,AGUA BRANCA
1311941,SP,PAULISTA,BELA VISTA
1259900,SP,BRUXELAS,SUMARE
5468902,SP,PIO XI,ALTO DE PINHEIROS
1323900,SP,CARDIM,BELA VISTA
5014901,SP,MONTE ALEGRE,PERDIZES
1202901,SP,DE LIMEIRA,CAMPOS ELISEOS
1409901,SP,PEIXOTO GOMIDE,JARDIM PAULISTA
5401910,SP,REBOUCAS,CERQUEIRA CESAR
5403908,SP,OVIDIO PIRES DE CAMPOS,CERQUEIRA CESAR
3040901,SP,AZEVEDO JR,BRAS
5352903,SP,MARTIN LUTHER KING,VILA SAO FRANCISCO
5352905,SP,AIRES MARTINS TORRES,VILA SAO FRANCISCO
1213900,SP,OSORIO,SANTA EFIGENIA
4710902,SP,JOSE AUREO BUSTAMANTE,VILA UNIAO
4795916,SP,NACOES UNIDAS,VILA ALMEIDA
5804902,SP,MARIA COELHO AGUIAR,JARDIM SAO LUIS
4506902,SP,FRUTAS DE SANTO AMARO,VILA NOVA CONCEICAO
4022901,SP,ESTADO DE ISRAEL,VILA CLEMENTINO
4115900,SP,RODRIGO VIEIRA,JARDIM VILA MARIANA
2029901,SP,ZAKI NARCHI,CARANDIRU
2017902,SP,ALFREDO PUJOL,SANTANA
4696917,SP,OCTALLES MARCONDES FERREIRA,JURUBATUBA
5520901,SP,FRANCISCO MORATO,VILA SONIA
4696919,SP,MOACIR PADILHA,JURUBATUBA
1155901,SP,ELISA,BARRA FUNDA
3033901,SP,CRUZEIRO DO SUL,CANINDE
4717908,SP,ALEXANDRE DUMAS,CHACARA SANTO ANTONIO
5641900,SP,HASTINFILO DE MOURA,VILA SUZANA
1205905,SP,RIO BRANCO,CAMPOS ELISEOS
4523902,SP,JAUAPERI,INDIANOPOLIS
5403905,SP,OVIDIO PIRES DE CAMPOS,CERQUEIRA CESAR
5560900,SP,ERICO VERISSIMO,JARDIM CAMBARA
1002900,SP,CHA,CENTRO
4514901,SP,PINTASSILGO,VILA UBERABINHA
5065904,SP,WILLIAM SPEERS,LAPA DE BAIXO
4119904,SP,AFONSO CELSO,VILA MARIANA
4086902,SP,CARINAS,INDIANOPOLIS
5305902,SP,LEOPOLDINA,VILA LEOPOLDINA
5347901,SP,KENKITI SIMOMOTO,JAGUARE
4098901,SP,PEDRO ALVARES CABRAL,PARQUE IBIRAPUERA
5403910,SP,OVIDIO PIRES DE CAMPOS,CERQUEIRA CESAR
3031900,SP,ALEXANDRINO PEDROSO,BRAS
5321900,SP,BILLINGS,JAGUARE
4583905,SP,CHUCRI ZAIDAN,VILA CORDEIRO
2289900,SP,ANA DO SACRAMENTO ANDRADE,FURNAS
1009901,SP,LIBERO BADARO,CENTRO
4547905,SP,GOMES DE CARVALHO,VILA OLIMPIA
4106900,SP,MACHADO DE ASSIS,VILA MARIANA
5006900,SP,ITAPICURU,PERDIZES
5401909,SP,REBOUCAS,CERQUEIRA CESAR
4530911,SP,NEGRAO,ITAIM BIBI
1433901,SP,MENA BARRETO,JARDIM PAULISTA
4627901,SP,WASHINGTON LUIS,SANTO AMARO
1205902,SP,RIO BRANCO,CAMPOS ELISEOS
4142900,SP,BOSQUE DA SAUDE,SAUDE
5068900,SP,BELCHIOR CARNEIRO,LAPA DE BAIXO
4660905,SP,INTERLAGOS,JARDIM MARAJOARA
4707901,SP,ARCADIO,JARDIM DAS ACACIAS
1014908,SP,BOA VISTA,CENTRO
4696906,SP,EUSEBIO STEVAUX,JURUBATUBA
5501900,SP,GERIVATIBA,BUTANTA
3041900,SP,CAETANO PINTO,BRAS
1333910,SP,CINCINATO BRAGA,BELA VISTA
3170900,SP,CASSANDOCA,MOOCA
5092901,SP,RAIMUNDO PEREIRA DE MAGALHAES,VILA ANASTACIO
2049900,SP,OTTO BAUMGART,VILA GUILHERME
1204900,SP,GUAIANASES,CAMPOS ELISEOS
1134901,SP,RUDGE,BARRA FUNDA
3050900,SP,GOMES CARDIM,BRAS
5092902,SP,BARTOLOMEU PAES,VILA ANASTACIO
5083913,SP,FILIPINAS,LAPA
3185900,SP,FAROL PAULISTANO,ALTO DA MOOCA
4530904,SP,RENATO PAES DE BARROS,ITAIM BIBI
1221900,SP,CESARIO MOTA JR,SANTA CECILIA
1406900,SP,9 DE JULHO,JARDIM PAULISTA
5403907,SP,ENEAS CARVALHO DE AGUIAR,CERQUEIRA CESAR
5403902,SP,OVIDIO PIRES DE CAMPOS,CERQUEIRA CESAR
5508901,SP,ALMEIDA PRADO,BUTANTA
5403903,SP,OVIDIO PIRES DE CAMPOS,CERQUEIRA CESAR
5403904,SP,ENEAS CARVALHO DE AGUIAR,CERQUEIRA CESAR
1302907,SP,CONSOLACAO,HIGIENOPOLIS
5015900,SP,GODOI,PERDIZES
5060901,SP,PIO XI,ALTO DA LAPA
4603900,SP,JOSE DINIZ,SANTO AMARO
5036905,SP,DE SAO VICENTE,AGUA BRANCA
5521900,SP,FRANCISCO MORATO,VILA SONIA
4269900,SP,MURIAE,VILA DOM PEDRO I
5036902,SP,MARINA,AGUA BRANCA
1220904,SP,ARAUJO,REPUBLICA
3107902,SP,WILSON,MOOCA
4184900,SP,ARNALDO JOAO SEMERARO,JARDIM SANTA EMILIA
3170904,SP,SAPUCAIA,MOOCA
1332901,SP,ITAPEVA,BELA VISTA
3105901,SP,ODORICO MENDES,MOOCA
1207900,SP,IFIGENIA,SANTA EFIGENIA
4902900,SP,GUARAPIRANGA,PARQUE ALVES DE LIMA
4002900,SP,MARIO AMARAL,PARAISO
4571905,SP,LUIZ CARLOS BERRINI,CIDADE MONCOES
5423903,SP,BENTO FRIAS,PINHEIROS
4548904,SP,TENERIFE,VILA OLIMPIA
5847905,SP,JACOBUS BALDI,JARDIM FIM DE SEMANA
3827900,SP,ASSIS RIBEIRO,ERMELINO MATARAZZO
4040901,SP,LOEFGREN,VILA CLEMENTINO
1201900,SP,APA,CAMPOS ELISEOS
4578900,SP,NACOES UNIDAS,BROOKLIN PAULISTA
1024900,SP,CANTAREIRA,CENTRO
5072902,SP,HERBART,LAPA
5093904,SP,FORTUNATO FERRAZ,VILA ANASTACIO
4754902,SP,MARIO LOPES LEAO,SANTO AMARO
1038903,SP,JOSE DE BARROS,CENTRO
3156900,SP,VILA EMA,VILA SANTA CLARA
4746901,SP,BRASILIO LUZ,SANTO AMARO
1423904,SP,JOSE MARIA LISBOA,JARDIM PAULISTA
4186901,SP,TOCANTINIA,VILA LIVIERO
3303904,SP,ADELINO,QUARTA PARADA
5847906,SP,JACOBUS BALDI,JARDIM FIM DE SEMANA
3168902,SP,TOBIAS BARRETO,MOOCA
4506904,SP,FRUTAS DE SANTO AMARO,VILA NOVA CONCEICAO
1014920,SP,BOA VISTA,CENTRO
4551909,SP,FUNCHAL,VILA OLIMPIA
4707904,SP,JOAO RODRIGUES MACHADO,JARDIM DAS ACACIAS
4551902,SP,FIDENCIO RAMOS,VILA OLIMPIA
5340900,SP,CORIFEU DE AZEVEDO MARQUES,BURGO PAULISTA
1409904,SP,PEIXOTO GOMIDE,JARDIM PAULISTA
5276950,SP,ANHANGUERA,ANHANGUERA
5757900,SP,DIOGO MARTINS,JARDIM ANA MARIA
3156901,SP,VILA EMA,VILA SANTA CLARA
5536900,SP,CARLOS LISDEGNO CARLUCCI,JARDIM PERI PERI
4101902,SP,VERGUEIRO,VILA MARIANA
2515901,SP,JAGUARETE,CASA VERDE
1013909,SP,QUINZE DE NOVEMBRO,CENTRO
5065901,SP,CURTUME,LAPA DE BAIXO
2526900,SP,LEAO XIII,JARDIM SAO BENTO
3107901,SP,WILSON,MOOCA
1201904,SP,APA,CAMPOS ELISEOS
3165903,SP,MOOCA,MOOCA
5847907,SP,JACOBUS BALDI,JARDIM FIM DE SEMANA
4719901,SP,VERBO DIVINO,CHACARA SANTO ANTONIO
5083910,SP,DIOGENES RIBEIRO DE LIMA,LAPA
5065900,SP,CURTUME,LAPA DE BAIXO
2063901,SP,MORVAN DIAS DE FIGUEIREDO,VILA GUILHERME
4583901,SP,CHUCRI ZAIDAN,VILA CORDEIRO
1404900,SP,CAMPINAS,JARDIM PAULISTA
5119900,SP,ANASTACIO,PARQUE SAO DOMINGOS
3107903,SP,WILSON,MOOCA
1233902,SP,TUPI,SANTA CECILIA
2145901,SP,TERCEIRO SARG ALCIDES DE OLIVEIRA,PARQUE NOVO MUNDO
4514907,SP,GRAUNA,VILA UBERABINHA
2147900,SP,NORBERTO ENRIQUE WEBER,PARQUE NOVO MUNDO
5044900,SP,VESPASIANO,VILA ROMANA
4204901,SP,COSTA AGUIAR,IPIRANGA
1138901,SP,JAMES HOLLAND,BARRA FUNDA
4533908,SP,TABAPUA,ITAIM BIBI
3527901,SP,ARICANDUVA,JARDIM SANTA TEREZINHA
4570905,SP,ROSA GAETA LAZARA,BROOKLIN PAULISTA
2167900,SP,NILTON COELHO DE ANDRADE,JARDIM ANDARAI
3177900,SP,JOAO BATISTA DE LACERDA,AGUA RASA
4532901,SP,BANDEIRA PAULISTA,ITAIM BIBI
1230907,SP,ROSA E SILVA,SANTA CECILIA
5614900,SP,RADIANTES,JARDIM LEONOR
2509900,SP,IDA KOLB,CASA VERDE
1206904,SP,RIO BRANCO,CAMPOS ELISEOS
4864900,SP,TEOTONIO VILELA,JARDIM GUANABARA
4071900,SP,BANDEIRANTES,PLANALTO PAULISTA
5548900,SP,JOAO MOREIRA SALLES,JARDIM MONTE ALEGRE
5423901,SP,EUSEBIO MATOSO,PINHEIROS
1302906,SP,CONSOLACAO,CONSOLACAO
4560906,SP,NEBRASKA,BROOKLIN PAULISTA
2034900,SP,DARZAN,SANTANA
4553900,SP,BANDEIRANTES,BROOKLIN PAULISTA
4571910,SP,ALCIDES LOURENCO DA ROCHA,CIDADE MONCOES
4795910,SP,NACOES UNIDAS,VILA ALMEIDA
4626900,SP,LINNEU GOMES,SANTO AMARO
4626910,SP,LINNEU GOMES,SANTO AMARO
4902902,SP,GUARAPIRANGA,PARQUE ALVES DE LIMA
5037904,SP,ADO BENATTI,VILA CHALOT
5804906,SP,MARIA COELHO AGUIAR,JARDIM SAO LUIS
5847904,SP,JACOBUS BALDI,JARDIM FIM DE SEMANA
4101904,SP,VERGUEIRO,PARAISO
5576900,SP,RAPOSO TAVARES,JARDIM BANDEIRANTES
4776900,SP,RIO BONITO,SOCORRO
5858904,SP,ITAPECERICA,JARDIM COMERCIAL
1405907,SP,PAMPLONA,JARDIM PAULISTA
3109901,SP,HENRY FORD,MOOCA
3089900,SP,ANTONIO DE BARROS,MARANHAO
5305903,SP,LEOPOLDINA,VILA LEOPOLDINA
3087900,SP,JORGE,PARQUE SAO JORGE
3185901,SP,MANAUS,ALTO DA MOOCA
3186900,SP,NATAL,ALTO DA MOOCA
1132900,SP,MAURICIO DE BARROS,BOM RETIRO
1046924,SP,IPIRANGA,REPUBLICA
4795907,SP,NACOES UNIDAS,VILA ALMEIDA
1043909,SP,7 DE ABRIL,CENTRO
1316900,SP,FRANCISCA MIQUELINA,BELA VISTA
1321901,SP,MARTINIANO DE CARVALHO,BELA VISTA
5789900,SP,CARLOS LACERDA,JARDIM ROSANA
5663901,SP,AFONSO DE OLIVEIRA SANTOS,PARAISOPOLIS
4571903,SP,LUIZ CARLOS BERRINI,CIDADE MONCOES
4711901,SP,MESQUITA SAMPAIO,VILA SAO FRANCISCO
3165902,SP,MOOCA,MOOCA
4209901,SP,MANIFESTO,IPIRANGA
4583913,SP,CHUCRI ZAIDAN,VILA CORDEIRO
5088901,SP,GUAIPA,VILA LEOPOLDINA
4355900,SP,PANTALEAO TELES,JARDIM AEROPORTO
2170900,SP,MORVAN DIAS DE FIGUEIREDO,PARQUE NOVO MUNDO
4357900,SP,ANTONIO PEPE,JARDIM AEROPORTO
4691902,SP,ARNALDO MAGNICCARO,VILA GEA
1043907,SP,7 DE ABRIL,CENTRO
1007904,SP,RIACHUELO,SE
5106900,SP,ALEXANDRE COLARES,PARQUE ANHANGUERA
1003901,SP,JOSE BONIFACIO,SE
1003900,SP,JOSE BONIFACIO,SE
1002903,SP,DIREITA,SE
1002902,SP,DIREITA,SE
1002901,SP,DIREITA,SE
1016900,SP,ANCHIETA,SE
1001901,SP,SE,SE
1001900,SP,SE,SE
1006900,SP,FEIJO,SE
1006901,SP,FEIJO,SE
1003903,SP,JOSE BONIFACIO,SE
1006903,SP,PAULO EGIDIO,SE
1003904,SP,JOSE BONIFACIO,SE
1039908,SP,BOTICARIO,REPUBLICA
4004902,SP,SAMPAIO VIANA,PARAISO
1020903,SP,TABATINGUERA,SE
1411900,SP,JOAO MANUEL,CERQUEIRA CESAR
1007901,SP,RIACHUELO,SE
1007905,SP,RIACHUELO,SE
1007906,SP,RIACHUELO,SE
1017902,SP,ROBERTO SIMONSEN,SE
1017903,SP,ROBERTO SIMONSEN,SE
1017904,SP,RANGEL PESTANA,SE
4532919,SP,JESUINO ARRUDA,ITAIM BIBI
1006904,SP,PAULO EGIDIO,SE
5340902,SP,CORIFEU DE AZEVEDO MARQUES,JAGUARE
3080900,SP,IVAI,TATUAPE
4502901,SP,DO LIBANO,IBIRAPUERA
3019900,SP,JOAQUIM CARLOS,BRAS
4533907,SP,TABAPUA,ITAIM BIBI
4213900,SP,LORD COCKRANE,IPIRANGA
5775900,SP,LEITAO DA CUNHA,PARQUE REGINA
1037912,SP,RAMOS DE AZEVEDO,CENTRO
3527905,SP,ARICANDUVA,JARDIM SANTA TEREZINHA
3192903,SP,SANCHES DE AGUIAR,ALTO DA MOOCA
4730901,SP,RUBENS GOMES BUENO,VARZEA DE BAIXO
4045903,SP,JABAQUARA,MIRANDOPOLIS
1003902,SP,JOSE BONIFACIO,SE
3085900,SP,FELIPE,PARQUE SAO JORGE
2110901,SP,NADIR DIAS DE FIGUEIREDO,VILA MARIA
5818901,SP,AMARO VELHO,JARDIM VERGUEIRO
5849901,SP,GERALDO BETING,JARDIM GERMANIA
5804908,SP,MARIA COELHO AGUIAR,JARDIM SAO LUIS
4870901,SP,HERMAN VON IHERING,JARDIM CASA GRANDE
1005900,SP,BENJAMIN CONSTANT,SE
1004904,SP,DE PARANAPIACABA,SE
1004903,SP,QUINTINO BOCAIUVA,SE
1004902,SP,QUINTINO BOCAIUVA,SE
1004901,SP,QUINTINO BOCAIUVA,SE
1004900,SP,QUINTINO BOCAIUVA,SE
1003905,SP,JOSE BONIFACIO,SE
4524900,SP,ARAPANES,INDIANOPOLIS
4183901,SP,OLYMPIA SEMERARO,JARDIM SANTA EMILIA
4209902,SP,MANIFESTO,IPIRANGA
4002905,SP,TEIXEIRA DA SILVA,PARAISO
5110901,SP,MUTINGA,JARDIM SANTO ELIAS
4551906,SP,FUNCHAL,VILA OLIMPIA
4301903,SP,MIGUEL ESTEFNO,AGUA FUNDA
1451901,SP,FARIA LIMA,JARDIM PAULISTANO
1031905,SP,PRESTES MAIA,CENTRO
1205903,SP,RIO BRANCO,CAMPOS ELISEOS
1010904,SP,BENTO,CENTRO
4005903,SP,MARIO KOZEL FILHO,PARAISO
4308900,SP,ARMANDO DE ARRUDA PEREIRA,JABAQUARA
4686900,SP,DO SABARA,JARDIM BELGICA
4671903,SP,AGUIRRE,VILA SOFIA
4542903,SP,URUSSUI,VILA NOVA CONCEICAO
4724902,SP,JOAO DIAS,SANTO AMARO
1222903,SP,VILA NOVA,VILA BUARQUE
4766900,SP,OLIVIA GUEDES PENTEADO,SOCORRO
4724900,SP,JOAO DIAS,SANTO AMARO
5303902,SP,CARLOS WEBER,VILA LEOPOLDINA
5110900,SP,MUTINGA,VILA JAGUARA
4795902,SP,NACOES UNIDAS,VILA ALMEIDA
2121900,SP,ORLANDO MONTEIRO,VILA MARIA
1405904,SP,PAMPLONA,JARDIM PAULISTA
5402918,SP,REBOUCAS,PINHEIROS
4029902,SP,IBIRAPUERA,INDIANOPOLIS
3303902,SP,ADELINO,BELENZINHO
3105900,SP,BOSCO,MOOCA
4301902,SP,MIGUEL ESTEFNO,AGUA FUNDA
4507900,SP,ANTONIO JOAQUIM DE MOURA ANDRADE,VILA NOVA CONCEICAO
3042901,SP,PIRATININGA,BRAS
1441900,SP,GABRIEL MONTEIRO DA SILVA,JARDIM AMERICA
1448901,SP,AMAURI,JARDIM EUROPA
1107900,SP,ESTADO,PONTE PEQUENA
5429900,SP,COSTA CARVALHO,PINHEIROS
5036904,SP,MARINA,AGUA BRANCA
5038901,SP,MATEO FORTE,AGUA BRANCA
1141901,SP,ANTARTICA,BARRA FUNDA
5077902,SP,JOAO TIBIRICA,LAPA
4101905,SP,VERGUEIRO,PARAISO
5093901,SP,FORTUNATO FERRAZ,VILA ANASTACIO
4661903,SP,INTERLAGOS,JARDIM UMUARAMA
4038904,SP,BORGES LAGOA,VILA CLEMENTINO
4571902,SP,LUIZ CARLOS BERRINI,CIDADE MONCOES
4510910,SP,BALTHAZAR DA VEIGA,VILA NOVA CONCEICAO
5847901,SP,JACOBUS BALDI,JARDIM FIM DE SEMANA
5322900,SP,ALEXANDRE MACKENZIE,JAGUARE
4795914,SP,NACOES UNIDAS,VILA ALMEIDA
5765900,SP,CANORI,JARDIM OLINDA
2147901,SP,AMARILHO GONCALVES DE QUEIROS,PARQUE NOVO MUNDO
2190900,SP,RODOVAL CABRAL TRINDADE,PARQUE NOVO MUNDO
5804903,SP,MARIA COELHO AGUIAR,JARDIM SAO LUIS
4530912,SP,NEGRAO,ITAIM BIBI
5092903,SP,COROADOS,VILA ANASTACIO
4675901,SP,ALBERTO DE ZAGOTTIS,JARDIM ANHANGUERA
1503902,SP,LIBERDADE,LIBERDADE
4617901,SP,VIEIRA DE MORAIS,CAMPO BELO
4119900,SP,AFONSO CELSO,VILA MARIANA
1442901,SP,GABRIEL MONTEIRO DA SILVA,JARDIM AMERICA
4777900,SP,JOAO PAULO DA SILVA,JARDIM CRISTAL
1508900,SP,JOAQUIM,LIBERDADE
3813900,SP,JAPICHAUA,ERMELINO MATARAZZO
1440900,SP,ATLANTICA,JARDIM AMERICA
1307901,SP,CANECA,CONSOLACAO
1144900,SP,INOCENCIO TOBIAS,PARQUE IND TOMAS EDSON
2511900,SP,BRAZ LEME,CASA VERDE
1489900,SP,FARIA LIMA,JARDIM PAULISTANO
3043900,SP,ALEGRIA,BRAS
1316901,SP,GENEBRA,BELA VISTA
4366900,SP,CUPECE,JARDIM PRUDENCIA
1234914,SP,PACAEMBU,PACAEMBU
4795917,SP,NACOES UNIDAS,VILA ALMEIDA
3051900,SP,HIPODROMO,BRAS
1442902,SP,GABRIEL MONTEIRO DA SILVA,JARDIM AMERICA
5348901,SP,MARIO GUEDES,JAGUARE
1321905,SP,MARTINIANO DE CARVALHO,BELA VISTA
4570904,SP,PORTO MARTINS,BROOKLIN PAULISTA
4795905,SP,NACOES UNIDAS,VILA ALMEIDA
5008900,SP,JOAO RAMALHO,VILA POMPEIA
4795913,SP,NACOES UNIDAS,VILA ALMEIDA
3074900,SP,ELISABETH DE ROBIANO,PARQUE SAO JORGE
5640901,SP,GUILHERME DUMONT VILLARES,JARDIM LONDRINA
5858900,SP,DOMINGOS PEIXOTO DA SILVA,CJ HAB I ADVENTISTA
5724900,SP,GIOVANNI GRONCHI,VILA ANDRADE
5049901,SP,CATAO,VILA ROMANA
3527900,SP,ARICANDUVA,JARDIM SANTA TEREZINHA
5005900,SP,TURIASSU,PERDIZES
2089900,SP,CASALBUONO,VILA GUILHERME
3634900,SP,JOAO RIBEIRO,PENHA DE FRANCA
2936900,SP,BENEDITO ANDRADE,VILA PEREIRA BARRETO
2010901,SP,VOLUNTARIOS DA PATRIA,SANTANA
5340904,SP,CORIFEU DE AZEVEDO MARQUES,VILA SAO FRANCISCO
4627900,SP,WASHINGTON LUIS,SANTO AMARO
4730902,SP,RUBENS GOMES BUENO,VARZEA DE BAIXO
4321900,SP,BURITIS,JABAQUARA
4045902,SP,JABAQUARA,MIRANDOPOLIS
5003900,SP,ANTARTICA,AGUA BRANCA
4571904,SP,GERALDO CAMPOS MOREIRA,CIDADE MONCOES
4156900,SP,ALEXANDRE ALIPERTI,VILA AGUA FUNDA
5069900,SP,WERNER VON SIEMENS,LAPA DE BAIXO
5110902,SP,MUTINGA,JARDIM SANTO ELIAS
5425901,SP,EUGENIO DE MEDEIROS,PINHEIROS
3168903,SP,TOBIAS BARRETO,MOOCA
4006900,SP,AFONSO DE FREITAS,PARAISO
4627902,SP,WASHINGTON LUIS,SANTO AMARO
1508903,SP,PIRAPITINGUI,LIBERDADE
1405906,SP,PAMPLONA,JARDIM PAULISTA
1310928,SP,PAULISTA,BELA VISTA
3527904,SP,ARICANDUVA,JARDIM SANTA TEREZINHA
4523909,SP,JAUAPERI,INDIANOPOLIS
1047910,SP,MARCONI,CENTRO
4517902,SP,COTOVIA,VILA ANTONIETA
4524911,SP,BEM TE VI,INDIANOPOLIS
1030901,SP,FLORENCIO DE ABREU,CENTRO
5616902,SP,CLOVIS DE OLIVEIRA,VILA PROGREDIOR
4005901,SP,ABILIO SOARES,PARAISO
1310913,SP,PAULISTA,BELA VISTA
4674902,SP,JOSE BENEDITO SALINAS,JARDIM ITAPEVA
1423918,SP,JOSE MARIA LISBOA,JARDIM PAULISTA
1229901,SP,VEIGA FILHO,SANTA CECILIA
1455904,SP,HUNGRIA,JARDIM EUROPA
4562907,SP,ANDRE AMPERE,BROOKLIN PAULISTA
4531923,SP,PEDROSO ALVARENGA,ITAIM BIBI
4603904,SP,JOAO PAIS,JARDIM PETROPOLIS
1301904,SP,CONSOLACAO,CONSOLACAO
1302903,SP,CONSOLACAO,CONSOLACAO
1453902,SP,MARIO FERRAZ,JARDIM EUROPA
4509906,SP,DOMINGOS FERNANDES,VILA NOVA CONCEICAO
1414904,SP,HADDOCK LOBO,CERQUEIRA CESAR
1311905,SP,PAULISTA,BELA VISTA
1452908,SP,FARIA LIMA,JARDIM PAULISTANO
1049907,SP,FORMOSA,CENTRO
1043906,SP,7 DE ABRIL,CENTRO
4531927,SP,PEDROSO ALVARENGA,ITAIM BIBI
1013905,SP,QUINZE DE NOVEMBRO,CENTRO
5617901,SP,PEDRO GOMES CARDIM,VILA PROGREDIOR
4531908,SP,PEDROSO ALVARENGA,ITAIM BIBI
1409900,SP,PEIXOTO GOMIDE,JARDIM PAULISTA
1311915,SP,PAULISTA,BELA VISTA
4536908,SP,MANUEL GUEDES,JARDIM EUROPA
4524902,SP,ARAPANES,INDIANOPOLIS
4086901,SP,AICAS,INDIANOPOLIS
4515905,SP,JACUTINGA,INDIANOPOLIS
1230903,SP,ALBUQUERQUE LINS,SANTA CECILIA
5009900,SP,FERREIRA ALVES,VILA POMPEIA
4520902,SP,JURITI,VILA UBERABINHA
4559905,SP,PORTUGAL,BROOKLIN PAULISTA
1315902,SP,AMARO,BELA VISTA
1310908,SP,PAULISTA,BELA VISTA
1311917,SP,PAULISTA,BELA VISTA
5642904,SP,CHARLES SPENCER CHAPLIN,VILA ANDRADE
4552901,SP,ROCIO,VILA OLIMPIA
4523913,SP,MACUCO,INDIANOPOLIS
4533900,SP,TABAPUA,ITAIM BIBI
4531936,SP,CARLOS DE CARVALHO,ITAIM BIBI
1453904,SP,JACURICI,ITAIM BIBI
4002901,SP,MARIA FIGUEIREDO,PARAISO
3116900,SP,ORATORIO,MOOCA
4575904,SP,GERALDO FLAUSINO GOMES,CIDADE MONCOES
3116901,SP,ORATORIO,MOOCA
1040906,SP,IPIRANGA,REPUBLICA
4532918,SP,JESUINO ARRUDA,ITAIM BIBI
1302908,SP,CONSOLACAO,CONSOLACAO
4561904,SP,GUARARAPES,BROOKLIN PAULISTA
1220901,SP,TEODORO BAIMA,REPUBLICA
2925902,SP,ANTONIETA LEITAO,FREGUESIA DO O
1423908,SP,JOSE MARIA LISBOA,JARDIM PAULISTA
1453903,SP,JACURICI,ITAIM BIBI
4069902,SP,ARARAPIRA,PLANALTO PAULISTA
5687901,SP,PAULO PEDROSA,REAL PARQUE
1046906,SP,LUIS,CENTRO
4010900,SP,DOMINGOS DE MORAIS,VILA MARIANA
4734902,SP,ADOLFO PINHEIRO,SANTO AMARO
1050906,SP,MARTINS FONTES,CENTRO
4531904,SP,PEDROSO ALVARENGA,ITAIM BIBI
4531901,SP,PEDROSO ALVARENGA,ITAIM BIBI
1452909,SP,FARIA LIMA,JARDIM PAULISTANO
4524909,SP,BEM TE VI,INDIANOPOLIS
1407912,SP,9 DE JULHO,JARDIM PAULISTA
5419905,SP,PEDROSO DE MORAIS,PINHEIROS
1418903,SP,SANTOS,CERQUEIRA CESAR
1452913,SP,FARIA LIMA,JARDIM PAULISTANO
4531934,SP,PEDROSO ALVARENGA,ITAIM BIBI
1423903,SP,BATATAES,JARDIM PAULISTA
1231905,SP,DE ITU,SANTA CECILIA
1040902,SP,IPIRANGA,CENTRO
4532911,SP,BANDEIRA PAULISTA,ITAIM BIBI
1048901,SP,XAVIER DE TOLEDO,CENTRO
1405900,SP,PAMPLONA,JARDIM PAULISTA
4559900,SP,GEORGIA,BROOKLIN PAULISTA
4101901,SP,VERGUEIRO,VILA MARIANA
1404901,SP,CAMPINAS,JARDIM PAULISTA
1503903,SP,LIBERDADE,LIBERDADE
4560905,SP,NEBRASKA,BROOKLIN PAULISTA
1230901,SP,ALBUQUERQUE LINS,SANTA CECILIA
4531905,SP,PEDROSO ALVARENGA,ITAIM BIBI
4546904,SP,CASA DO ATOR,VILA OLIMPIA
4549900,SP,VAHIA DE ABREU,VILA OLIMPIA
1244906,SP,PEDESTRE BANGALORE,HIGIENOPOLIS
1319901,SP,JACAREI,BELA VISTA
1301911,SP,CONSOLACAO,CONSOLACAO
1232909,SP,BROTERO,SANTA CECILIA
4011901,SP,JOSE ANTONIO COELHO,VILA MARIANA
1311914,SP,PAULISTA,BELA VISTA
1305901,SP,AUGUSTA,CONSOLACAO
4601900,SP,GIL EANES,BROOKLIN NOVO
4513901,SP,MARCOS LOPES,VILA NOVA CONCEICAO
4520904,SP,JURITI,VILA UBERABINHA
1210901,SP,VIEIRA DE CARVALHO,REPUBLICA
1330901,SP,MARQUES LEAO,BELA VISTA
4045900,SP,JABAQUARA,MIRANDOPOLIS
3190900,SP,ATALAIA VELHA,ALTO DA MOOCA
1046927,SP,IPIRANGA,REPUBLICA
4505901,SP,FRUTAS DE SANTO AMARO,VILA NOVA CONCEICAO
4545906,SP,FADLO HAIDAR,VILA OLIMPIA
4559908,SP,PORTUGAL,BROOKLIN PAULISTA
1031903,SP,PRESTES MAIA,CENTRO
4545902,SP,JUSTINA,VILA OLIMPIA
4531929,SP,PEDROSO ALVARENGA,ITAIM BIBI
5642908,SP,MARCUS PEREIRA,VILA SUZANA
4530903,SP,ANTONIO FELICIO,ITAIM BIBI
1038900,SP,JOSE DE BARROS,CENTRO
1228903,SP,ANGELICA,SANTA CECILIA
4536904,SP,MANUEL GUEDES,JARDIM EUROPA
4523912,SP,JAUAPERI,INDIANOPOLIS
1311922,SP,PAULISTA,BELA VISTA
4618900,SP,EDSON,CAMPO BELO
1453900,SP,CIDADE JARDIM,ITAIM BIBI
1030900,SP,FLORENCIO DE ABREU,CENTRO
4523911,SP,JAUAPERI,INDIANOPOLIS
4004901,SP,BERNARDINO DE CAMPOS,PARAISO
4077901,SP,TUPINIQUINS,PLANALTO PAULISTA
4512900,SP,DIOGO JACOME,VILA NOVA CONCEICAO
1008905,SP,LIBERO BADARO,CENTRO
4546905,SP,CASA DO ATOR,VILA OLIMPIA
4537903,SP,CLODOMIRO AMAZONAS,VILA NOVA CONCEICAO
5684900,SP,DE CAMPOS GERAIS,REAL PARQUE
4536902,SP,MANUEL GUEDES,JARDIM EUROPA
1049906,SP,QUIRINO DE ANDRADE,CENTRO
3176902,SP,TOBIAS BARRETO,ALTO DA MOOCA
1035903,SP,JOAO,CENTRO
1221906,SP,CESARIO MOTA JR,VILA BUARQUE
1258901,SP,CAYOWAA,SUMARE
1030902,SP,FLORENCIO DE ABREU,CENTRO
1319903,SP,MARIA PAULA,BELA VISTA
5035902,SP,MACEDO SOARES,PARQUE RES DA LAPA
4561906,SP,GUARARAPES,BROOKLIN PAULISTA
4548900,SP,CARDOSO DE MELO,VILA OLIMPIA
4515903,SP,LAVANDISCA,INDIANOPOLIS
1310934,SP,PAULISTA,BELA VISTA
4536907,SP,MANUEL GUEDES,JARDIM EUROPA
4530906,SP,RENATO PAES DE BARROS,ITAIM BIBI
4546906,SP,QUATA,VILA OLIMPIA
4561901,SP,GUARARAPES,BROOKLIN PAULISTA
4559904,SP,PORTUGAL,BROOKLIN PAULISTA
4562906,SP,INDIANA,BROOKLIN PAULISTA
1243901,SP,PARA,CONSOLACAO
1415907,SP,BELA CINTRA,CONSOLACAO
4561902,SP,GUARARAPES,BROOKLIN PAULISTA
4542901,SP,LEOPOLDO COUTO DE MAGALHAES JR,VILA NOVA CONCEICAO
1222901,SP,SERTORIO,VILA BUARQUE
1232908,SP,BROTERO,SANTA CECILIA
1303909,SP,FRANKLIN ROOSEVELT,CONSOLACAO
4708901,SP,MILTON CAMPOS,SANTO AMARO
4708900,SP,CANCIONEIRO DE EVORA,JARDIM DAS ACACIAS
1321902,SP,MARTINIANO DE CARVALHO,BELA VISTA
4708902,SP,MILTON CAMPOS,SANTO AMARO
4708903,SP,MILTON CAMPOS,SANTO AMARO
4520903,SP,JURITI,VILA UBERABINHA
4532921,SP,JESUINO ARRUDA,ITAIM BIBI
1021903,SP,25 DE MARCO,CENTRO
1049904,SP,QUIRINO DE ANDRADE,CENTRO
1414907,SP,HADDOCK LOBO,CERQUEIRA CESAR
4530907,SP,RENATO PAES DE BARROS,ITAIM BIBI
1229904,SP,VICENTE DE PAULA,SANTA CECILIA
4562901,SP,INDIANA,BROOKLIN PAULISTA
4531941,SP,PAIS DE ARAUJO,ITAIM BIBI
1311930,SP,PAULISTA,BELA VISTA
1042905,SP,DE ITAPETININGA,REPUBLICA
1332904,SP,ITAPEVA,BELA VISTA
4532902,SP,BANDEIRA PAULISTA,ITAIM BIBI
4543903,SP,EDUARDO DE SOUZA ARANHA,VILA NOVA CONCEICAO
1301908,SP,CONSOLACAO,CONSOLACAO
1311909,SP,PAULISTA,BELA VISTA
1035905,SP,JOAO,CENTRO
4531920,SP,MATA,ITAIM BIBI
1407905,SP,9 DE JULHO,JARDIM PAULISTA
4534902,SP,JOAQUIM FLORIANO,ITAIM BIBI
1317906,SP,LUIS ANTONIO,BELA VISTA
1023903,SP,AFONSO KHERLAKIAN,CENTRO
4524907,SP,IBIJAU,INDIANOPOLIS
1044902,SP,7 DE ABRIL,CENTRO
1333905,SP,CARLOS DO PINHAL,BELA VISTA
1311912,SP,PAULISTA,BELA VISTA
1023900,SP,MIGUEL CARLOS,CENTRO
1321903,SP,MARTINIANO DE CARVALHO,BELA VISTA
1021902,SP,25 DE MARCO,CENTRO
4533901,SP,TABAPUA,ITAIM BIBI
1319908,SP,MARIA PAULA,BELA VISTA
1407904,SP,9 DE JULHO,JARDIM PAULISTA
1221902,SP,ISABEL,VILA BUARQUE
1220908,SP,REGO FREITAS,REPUBLICA
4537905,SP,SILVA CORREIA,VILA NOVA CONCEICAO
1033900,SP,CASPER LIBERO,CENTRO
1331902,SP,SILVIA,BELA VISTA
1038902,SP,JOSE DE BARROS,CENTRO
1013902,SP,TESOURO,CENTRO
4038903,SP,BORGES LAGOA,VILA CLEMENTINO
1048903,SP,XAVIER DE TOLEDO,CENTRO
1045901,SP,REPUBLICA,REPUBLICA
1311918,SP,PAULISTA,BELA VISTA
1049903,SP,QUIRINO DE ANDRADE,CENTRO
1453901,SP,CIDADE JARDIM,ITAIM BIBI
1313904,SP,PLINIO BARRETO,BELA VISTA
1419912,SP,SANTOS,CERQUEIRA CESAR
1046921,SP,IPIRANGA,CENTRO
1029901,SP,FLORENCIO DE ABREU,CENTRO
1012907,SP,QUITANDA,CENTRO
1008902,SP,LIBERO BADARO,CENTRO
4531919,SP,MATA,ITAIM BIBI
1047904,SP,MARCONI,CENTRO
4531906,SP,PEDROSO ALVARENGA,ITAIM BIBI
1302902,SP,CONSOLACAO,CONSOLACAO
1047911,SP,MARCONI,CENTRO
1310909,SP,PAULISTA,BELA VISTA
1026900,SP,QUEIROS,CENTRO
4186902,SP,ABRAHAO GONCALVES BRAGA,VILA LIVIERO
4603901,SP,JOSE DINIZ,SANTO AMARO
4754901,SP,MARIO LOPES LEAO,SANTO AMARO
5520900,SP,FRANCISCO MORATO,VILA SONIA
5118901,SP,MARGINAL DIREITA DO TIETE,PARQUE ANHANGUERA
3192902,SP,SANCHES DE AGUIAR,ALTO DA MOOCA
3173901,SP,SIQUEIRA BUENO,BELENZINHO
4119901,SP,AFONSO CELSO,VILA MARIANA
1046919,SP,IPIRANGA,CENTRO
5077903,SP,SAMUEL KLABIN,BELA ALIANCA
3704900,SP,ELISABETH DE ROBIANO,JARDIM AMERICA DA PENHA
5657900,SP,BENEDITO MONTENEGRO,JARDIM VITORIA REGIA
1503901,SP,LIBERDADE,LIBERDADE
4795900,SP,NACOES UNIDAS,VILA ALMEIDA
4344901,SP,VOLKSWAGEN,JABAQUARA
5866900,SP,SANT ANNA,JARDIM BOA ESPERANCA
2151900,SP,FRANZ LISZT,PARQUE NOVO MUNDO
5652900,SP,ALBERT EINSTEIN,JARDIM LEONOR
1401901,SP,LUIS ANTONIO,JARDIM PAULISTA
4102900,SP,VERGUEIRO,VILA MARIANA
1538900,SP,LINS DE VASCONCELOS,CAMBUCI
5403900,SP,ENEAS CARVALHO DE AGUIAR,PINHEIROS
4074900,SP,MOREIRA GUIMARAES,INDIANOPOLIS
4039901,SP,PEDRO DE TOLEDO,VILA CLEMENTINO
4506901,SP,FRUTAS DE SANTO AMARO,VILA NOVA CONCEICAO
4005902,SP,ABILIO SOARES,PARAISO
5061908,SP,CERRO CORA,VILA ROMANA
4537904,SP,CLODOMIRO AMAZONAS,VILA NOVA CONCEICAO
3303900,SP,ADELINO,BELENZINHO
3054900,SP,CESARIO ALVIM,BELENZINHO
1050903,SP,QUEDINHO,CENTRO
4660904,SP,INTERLAGOS,JARDIM MARAJOARA
4013900,SP,CUBATAO,VILA MARIANA
5545900,SP,RUBENS LEME MACHADO,JARDIM LUCIA
5036906,SP,CENNO SBRIGHI,AGUA BRANCA
4764901,SP,AMARO LUZ,SOCORRO
5120900,SP,MANOEL DOMINGOS PINTO,PARQUE ANHANGUERA
5049900,SP,CATAO,VILA ROMANA
4730903,SP,RUBENS GOMES BUENO,VARZEA DE BAIXO
1203902,SP,NEBIAS,CAMPOS ELISEOS
3110901,SP,BORGES DE FIGUEIREDO,MOOCA
4038905,SP,BORGES LAGOA,VILA CLEMENTINO
4673900,SP,IEPE,VILA ANHANGUERA
4502903,SP,DO LIBANO,IBIRAPUERA
3021900,SP,PRAZERES,BRAS
4134900,SP,CONSTANTINO BARRADAS,VILA GUMERCINDO
5423911,SP,FERNANDES COELHO,PINHEIROS
1305900,SP,AUGUSTA,CONSOLACAO
1041900,SP,24 DE MAIO,CENTRO
5323900,SP,ALTINO,JAGUARE
5302908,SP,BRENTANO,VILA HAMBURGUESA
4559901,SP,PORTUGAL,BROOKLIN PAULISTA
3042900,SP,ERNESTO DE CASTRO,BRAS
5321901,SP,BILLINGS,JAGUARE
3019902,SP,JOAQUIM CARLOS,BRAS
1246900,SP,ARNALDO,PACAEMBU
3150903,SP,MARIA DAFFRE,VILA PRUDENTE
3033900,SP,CANINDE,CANINDE
4752900,SP,AMADOR BUENO,SANTO AMARO
5317900,SP,JOSE CESAR DE OLIVEIRA,VILA LEOPOLDINA
5323905,SP,ALTINO,JAGUARE
5686900,SP,DE GOIAS,REAL PARQUE
4717902,SP,ALEXANDRE DUMAS,CHACARA SANTO ANTONIO
1317905,SP,LUIS ANTONIO,BELA VISTA
3185902,SP,TERESINA,ALTO DA MOOCA
4185900,SP,EUGENIO BELLOTTO,VILA LIVIERO
2145900,SP,MARIO HABERFELD,PARQUE NOVO MUNDO
4018902,SP,HUMBERTO I,VILA MARIANA
2147902,SP,JOSE DE ANDRADE,PARQUE NOVO MUNDO
4207901,SP,PATRIOTAS,IPIRANGA
1048905,SP,XAVIER DE TOLEDO,CENTRO
1246902,SP,ARNALDO,PACAEMBU
5858901,SP,ITAPECERICA,JARDIM ALVORADA
4301904,SP,MIGUEL ESTEFNO,AGUA FUNDA
4014900,SP,RODRIGUES ALVES,VILA MARIANA
5503900,SP,VITAL BRASIL,BUTANTA
5794900,SP,RAUL DOS SANTOS MACHADO,JARDIM PARIS
5403901,SP,ENEAS CARVALHO DE AGUIAR,CERQUEIRA CESAR
4012909,SP,DANTE PAZZANESE,VILA MARIANA
1017907,SP,BETTENCOURT RODRIGUES,SE
5047900,SP,CORIOLANO,VILA ROMANA
4617903,SP,VIEIRA DE MORAIS,CAMPO BELO
8461900,SP,OTELO AUGUSTO RIBEIRO,JARDIM SAO PAULO
3173900,SP,SIQUEIRA BUENO,BELENZINHO
1307908,SP,CANECA,CONSOLACAO
4301901,SP,MIGUEL ESTEFNO,AGUA FUNDA
1232910,SP,BROTERO,SANTA CECILIA
4024900,SP,NAPOLEAO DE BARROS,VILA CLEMENTINO
1409902,SP,PEIXOTO GOMIDE,JARDIM PAULISTA
3527910,SP,ARICANDUVA,JARDIM SANTA TEREZINHA
1223901,SP,DE ITU,VILA BUARQUE
1046914,SP,LUIS,CENTRO
4571912,SP,JOEL CARLOS BORGES,CIDADE MONCOES
2110900,SP,ALCANTARA,VILA MARIA
4007900,SP,TUTOIA,VILA MARIANA
4537901,SP,CLODOMIRO AMAZONAS,VILA NOVA CONCEICAO
4719903,SP,VERBO DIVINO,CHACARA SANTO ANTONIO
4696914,SP,GALENO DE CASTRO,JURUBATUBA
3084900,SP,BAGUARI,TATUAPE
5512900,SP,FRANCISCO MORATO,CAXINGUI
1150901,SP,OLIMPIO DA SILVEIRA,SANTA CECILIA
4040902,SP,LOEFGREN,VILA CLEMENTINO
3103902,SP,MOOCA,MOOCA
1230906,SP,BRASILIO MACHADO,SANTA CECILIA
4012900,SP,PELOTAS,VILA MARIANA
5154900,SP,JERONIMO TELES JR,JARDIM SANTO ELIAS
4696902,SP,EUSEBIO STEVAUX,JURUBATUBA
4795901,SP,NACOES UNIDAS,VILA ALMEIDA
5403906,SP,ENEAS CARVALHO DE AGUIAR,CERQUEIRA CESAR
1414906,SP,HADDOCK LOBO,CERQUEIRA CESAR
1201901,SP,DE CAMPINAS,CAMPOS ELISEOS
3166900,SP,TAQUARI,MOOCA
4902903,SP,GUARAPIRANGA,PARQUE ALVES DE LIMA
5403909,SP,OVIDIO PIRES DE CAMPOS,CERQUEIRA CESAR
5423904,SP,DIOGO MOREIRA,PINHEIROS
4662903,SP,HERBERT ALFRED LANDSBERGER,SANTO AMARO
4570901,SP,NOVA INDEPENDENCIA,BROOKLIN PAULISTA
2190901,SP,HAMILTON SILVA COSTA,PARQUE NOVO MUNDO
5862900,SP,ANTONIO RIBEIRO PINA,JARDIM LIDIA
4023900,SP,BOTUCATU,VILA CLEMENTINO
4726908,SP,ALFREDO EGIDIO DE SOUZA ARANHA,VILA CRUZEIRO
1440903,SP,JUQUIA,JARDIM AMERICA
1048900,SP,XAVIER DE TOLEDO,CENTRO
1407901,SP,9 DE JULHO,JARDIM PAULISTA
4502904,SP,DO LIBANO,IBIRAPUERA
1455902,SP,ANGELINA MAFFEI VITA,JARDIM EUROPA
1234900,SP,CHARLES MILLER,PACAEMBU
5329900,SP,DRACENA,JAGUARE
1140900,SP,JOSEF KRYSS,PARQUE IND TOMAS EDSON
4257900,SP,EPIACABA,VILA ARAPUA
5106901,SP,ALEXANDRE COLARES,PARQUE ANHANGUERA
3527902,SP,ARICANDUVA,JARDIM SANTA TEREZINHA
4560903,SP,NEBRASKA,BROOKLIN PAULISTA
1242902,SP,ALAGOAS,HIGIENOPOLIS
2047901,SP,MARIA PRESTES MAIA,CARANDIRU
1507900,SP,DE IGUAPE,LIBERDADE
1506900,SP,GALVAO BUENO,LIBERDADE
1008901,SP,MIGUEL COUTO,CENTRO
1010902,SP,BENTO,CENTRO
4662902,SP,WASHINGTON LUIS,SANTO AMARO
1046915,SP,LUIS,CENTRO
1302901,SP,CONSOLACAO,CONSOLACAO
1032905,SP,TOBIAS,CENTRO
3123901,SP,CELSO DE AZEVEDO MARQUES,MOOCA
1406901,SP,9 DE JULHO,JARDIM PAULISTA
1433902,SP,MENA BARRETO,JARDIM PAULISTA
1244910,SP,NOVO HORIZONTE,HIGIENOPOLIS
1516900,SP,ESTADO,CAMBUCI
2909900,SP,OTAVIANO ALVES DE LIMA,VILA ARCADIA
4546900,SP,CASA DO ATOR,VILA NOVA CONCEICAO
1203904,SP,NEBIAS,CAMPOS ELISEOS
5038903,SP,ERMANO MARCHETTI,AGUA BRANCA
5346902,SP,JAGUARE,JAGUARE
1050907,SP,MARTINS FONTES,CENTRO
5016900,SP,CAETES,PERDIZES
1301907,SP,CONSOLACAO,CONSOLACAO
1130900,SP,ANHAIA,BOM RETIRO
5067900,SP,WILLIAM SPEERS,LAPA DE BAIXO
4776902,SP,RIO BONITO,SOCORRO
4728900,SP,LAGUNA,JARDIM CARAVELAS
4447902,SP,DO SABARA,VILA EMIR
4575902,SP,GERALDO FLAUSINO GOMES,CIDADE MONCOES
1042917,SP,DE ITAPETININGA,REPUBLICA
1037902,SP,CRISPINIANO,REPUBLICA
5093900,SP,FORTUNATO FERRAZ,VILA ANASTACIO
4604901,SP,JOSE DINIZ,SANTO AMARO
1509900,SP,ANTONIO PRUDENTE,LIBERDADE
5093903,SP,FORTUNATO FERRAZ,VILA ANASTACIO
5513900,SP,FRANCISCO MORATO,BUTANTA
1121900,SP,RODOLFO MIRANDA,BOM RETIRO
4301905,SP,MIGUEL ESTEFNO,AGUA FUNDA
5411902,SP,CRISTIANO VIANA,CERQUEIRA CESAR
4511900,SP,AFONSO BRAZ,VILA NOVA CONCEICAO
5161900,SP,TURISTICA DO JARAGUA,VILA NOVA JARAGUA
4675902,SP,ALBERTO DE ZAGOTTIS,JARDIM ANHANGUERA
4734900,SP,ADOLFO PINHEIRO,SANTO AMARO
5074901,SP,CLEMENTE ALVARES,LAPA
1189900,SP,JOSE PAULINO,BOM RETIRO
1021900,SP,25 DE MARCO,CENTRO
1041906,SP,24 DE MAIO,REPUBLICA
1043903,SP,7 DE ABRIL,CENTRO
1046912,SP,LUIS,CENTRO
1035904,SP,JOAO,CENTRO
1305902,SP,AUGUSTA,CONSOLACAO
1041907,SP,24 DE MAIO,REPUBLICA
4751900,SP,TREZE DE MAIO,SANTO AMARO
1043902,SP,7 DE ABRIL,CENTRO
4012908,SP,DANTE PAZZANESE,VILA MARIANA
1120901,SP,JOSE PAULINO,BOM RETIRO
1028900,SP,MAUA,CENTRO
1412901,SP,AUGUSTA,CERQUEIRA CESAR
1246903,SP,ARNALDO,PACAEMBU
5340901,SP,CORIFEU DE AZEVEDO MARQUES,BURGO PAULISTA
1246904,SP,ARNALDO,PACAEMBU
4730900,SP,RUBENS GOMES BUENO,VARZEA DE BAIXO
3057900,SP,CAJURU,BELENZINHO
4696910,SP,EUSEBIO STEVAUX,JURUBATUBA
5468901,SP,PIO XI,ALTO DE PINHEIROS
1218902,SP,JULIO PRESTES,CAMPOS ELISEOS
3027900,SP,XAVANTES,BRAS
4619900,SP,GABRIELE D ANNUNZIO,CAMPO BELO
1501900,SP,JOAO MENDES,CENTRO
3102901,SP,ALCANTARA MACHADO,MOOCA
3085901,SP,MARIA,PARQUE SAO JORGE
4795904,SP,NACOES UNIDAS,VILA ALMEIDA
4603902,SP,JOSE DINIZ,SANTO AMARO
1311906,SP,PAULISTA,BELA VISTA
5093905,SP,FORTUNATO FERRAZ,VILA ANASTACIO
4119906,SP,DE IRAJA,VILA MARIANA
2357900,SP,FREDERICO ESTEBAN JR,TREMEMBE
4723900,SP,JOAO DIAS,SANTO AMARO
4776903,SP,BRASILIO MACHADO NETO,VILA FRIBURGO
4711900,SP,MESQUITA SAMPAIO,VILA SAO FRANCISCO
1202900,SP,DE LIMEIRA,CAMPOS ELISEOS
4553902,SP,BANDEIRANTES,VILA OLIMPIA
3630900,SP,ARACATI,GUAIAUNA
1434900,SP,GROENLANDIA,JARDIM AMERICA
4005914,SP,ABILIO SOARES,PARAISO
4087923,SP,ANAPURUS,INDIANOPOLIS
1315904,SP,JACEGUAI,BELA VISTA
5510900,SP,M M D C,BUTANTA
4344903,SP,VALDOMIRO DE LIMA,JABAQUARA
4343900,SP,CARNAUBEIRAS,JABAQUARA
4321902,SP,BURITIS,VILA PARQUE JABAQUARA
4330900,SP,CRUZ DAS ALMAS,VILA CAMPESTRE
4330901,SP,FRANCISCO DE PAULA QUINTANILHA RIBEIRO,VILA CAMPESTRE
4330902,SP,FRANCISCO DE PAULA QUINTANILHA RIBEIRO,VILA CAMPESTRE
4303900,SP,MARIA PERA,SAO JUDAS
4001909,SP,MANOEL DA NOBREGA,PARAISO
1230909,SP,ROSA E SILVA,SANTA CECILIA
4004911,SP,SAMPAIO VIANA,PARAISO
5001903,SP,FRANCISCO MATARAZZO,AGUA BRANCA
4001910,SP,MANOEL DA NOBREGA,PARAISO
4013901,SP,AZEVEDO MACEDO,VILA MARIANA
4010907,SP,DOMINGOS DE MORAIS,VILA MARIANA
4010908,SP,DOMINGOS DE MORAIS,VILA MARIANA
4012913,SP,PELOTAS,VILA MARIANA
4013902,SP,CUBATAO,VILA MARIANA
4080919,SP,JANDIRA,INDIANOPOLIS
4080918,SP,JANDIRA,INDIANOPOLIS
4080917,SP,JANDIRA,INDIANOPOLIS
4080921,SP,JANDIRA,INDIANOPOLIS
4087917,SP,ANAPURUS,INDIANOPOLIS
4003909,SP,RAFAEL DE BARROS,PARAISO
4088908,SP,JURUPIS,INDIANOPOLIS
1017905,SP,RANGEL PESTANA,SE
4087918,SP,ANAPURUS,INDIANOPOLIS
4087920,SP,ANAPURUS,INDIANOPOLIS
4087921,SP,ANAPURUS,INDIANOPOLIS
4087922,SP,ANAPURUS,INDIANOPOLIS
4088900,SP,JURUPIS,INDIANOPOLIS
4088902,SP,JURUPIS,INDIANOPOLIS
4088901,SP,JURUPIS,INDIANOPOLIS
4088903,SP,JURUPIS,INDIANOPOLIS
4088904,SP,JURUPIS,INDIANOPOLIS
4088905,SP,JURUPIS,INDIANOPOLIS
1041911,SP,24 DE MAIO,REPUBLICA
4088907,SP,JURUPIS,INDIANOPOLIS
4087924,SP,ANAPURUS,INDIANOPOLIS
4088909,SP,JURUPIS,INDIANOPOLIS
4090900,SP,NHAMBIQUARAS,INDIANOPOLIS
4090901,SP,NHAMBIQUARAS,INDIANOPOLIS
4906900,SP,M BOI MIRIM,JARDIM REGINA
1454901,SP,CIDADE JARDIM,JARDIM PAULISTANO
1454902,SP,ARTUR RAMOS,JARDIM PAULISTANO
1202902,SP,DE LIMEIRA,CAMPOS ELISEOS
3342900,SP,FEIJO,VILA REG FEIJO
1001902,SP,SE,SE
4068900,SP,QUINIMURAS,PLANALTO PAULISTA
1046900,SP,LUIS,REPUBLICA
4088906,SP,JURUPIS,INDIANOPOLIS
4136901,SP,SAMAMBAIA,BOSQUE DA SAUDE
4078910,SP,JAMARIS,PLANALTO PAULISTA
4605905,SP,CONSTANTINO DE SOUSA,CAMPO BELO
4605906,SP,CONSTANTINO DE SOUSA,CAMPO BELO
4605907,SP,CONSTANTINO DE SOUSA,CAMPO BELO
4607902,SP,ANTONIO DE MACEDO SOARES,CAMPO BELO
4609901,SP,JOAO ALVARES SOARES,CAMPO BELO
4609902,SP,JOSE DOS SANTOS JR,CAMPO BELO
4601908,SP,ISABEL,BROOKLIN PAULISTA
4603905,SP,JOSE DINIZ,SANTO AMARO
4603906,SP,JOSE DINIZ,SANTO AMARO
4603907,SP,JOSE DINIZ,SANTO AMARO
4605903,SP,CONSTANTINO DE SOUSA,CAMPO BELO
4621900,SP,JOAQUIM NABUCO,BROOKLIN PAULISTA
4605902,SP,CONSTANTINO DE SOUSA,CAMPO BELO
4140900,SP,JACI,CHACARA INGLESA
4140901,SP,CORREIA DE LEMOS,CHACARA INGLESA
4140902,SP,CORREIA DE LEMOS,CHACARA INGLESA
4140903,SP,CORREIA DE LEMOS,CHACARA INGLESA
4140904,SP,CORREIA DE LEMOS,CHACARA INGLESA
4146903,SP,ONEYDA ALVARENGA,VILA DA SAUDE
4131901,SP,TUPANACI,VILA GUMERCINDO
4703901,SP,MORUMBI,SANTO AMARO
4703902,SP,MORUMBI,SANTO AMARO
4704902,SP,CONRADO SIQUEIRA CAMPOS,JARDIM DAS ACACIAS
4705902,SP,BACAETAVA,VILA GERTRUDES
4620901,SP,BERNARDINO DE CAMPOS,CAMPO BELO
4355901,SP,PANTALEAO TELES,PARQUE JABAQUARA
4087925,SP,ANAPURUS,INDIANOPOLIS
4087926,SP,ANAPURUS,INDIANOPOLIS
4087928,SP,ANAPURUS,INDIANOPOLIS
4087929,SP,ANAPURUS,INDIANOPOLIS
4087931,SP,ANAPURUS,INDIANOPOLIS
4087933,SP,ANAPURUS,INDIANOPOLIS
4087935,SP,ANAPURUS,INDIANOPOLIS
4087936,SP,ANAPURUS,INDIANOPOLIS
4087939,SP,ANAPURUS,INDIANOPOLIS
4089900,SP,MARACATINS,INDIANOPOLIS
4691904,SP,ARNALDO MAGNICCARO,VILA GEA
4605904,SP,CONSTANTINO DE SOUSA,CAMPO BELO
4347900,SP,RAIZ DA SERRA,JARDIM ORIENTAL
4087916,SP,ANAPURUS,INDIANOPOLIS
4357901,SP,HAROLDO PARANHOS,PARQUE JABAQUARA
4363901,SP,DAMASCENO VIEIRA,VILA MASCOTE
4041901,SP,11 DE JUNHO,VILA CLEMENTINO
4044900,SP,MIRASSOL,VILA CLEMENTINO
4044901,SP,TRES DE MAIO,VILA CLEMENTINO
4044902,SP,1 DE JANEIRO,VILA CLEMENTINO
4044903,SP,MACHADO BITTENCOURT,VILA CLEMENTINO
4044904,SP,MACHADO BITTENCOURT,VILA CLEMENTINO
4044905,SP,MACHADO BITTENCOURT,VILA CLEMENTINO
4603908,SP,BRASOES,SANTO AMARO
4622900,SP,LAPLACE,BROOKLIN PAULISTA
4696907,SP,EUSEBIO STEVAUX,JURUBATUBA
4078903,SP,JAMARIS,PLANALTO PAULISTA
4079908,SP,JUREMA,INDIANOPOLIS
4076906,SP,GUARAMOMIS,PLANALTO PAULISTA
4077903,SP,TUPINIQUINS,PLANALTO PAULISTA
4077904,SP,TUPINIQUINS,PLANALTO PAULISTA
4077902,SP,TUPINIQUINS,PLANALTO PAULISTA
4077905,SP,TUPINIQUINS,PLANALTO PAULISTA
4077906,SP,TUPINIQUINS,PLANALTO PAULISTA
4077907,SP,MOEMA,PLANALTO PAULISTA
4077908,SP,MOEMA,PLANALTO PAULISTA
4077909,SP,MOEMA,PLANALTO PAULISTA
4077910,SP,MOEMA,PLANALTO PAULISTA
4076902,SP,CHIBARAS,PLANALTO PAULISTA
4077912,SP,MOEMA,PLANALTO PAULISTA
4076905,SP,CHIBARAS,PLANALTO PAULISTA
4078907,SP,JAMARIS,PLANALTO PAULISTA
4078904,SP,JAMARIS,PLANALTO PAULISTA
4078905,SP,JAMARIS,PLANALTO PAULISTA
4078906,SP,DIVINO SALVADOR,PLANALTO PAULISTA
4078908,SP,DIVINO SALVADOR,PLANALTO PAULISTA
4078909,SP,DIVINO SALVADOR,PLANALTO PAULISTA
4075905,SP,IRAE,INDIANOPOLIS
4082901,SP,IRAI,INDIANOPOLIS
4079905,SP,JUREMA,INDIANOPOLIS
4079906,SP,JUREMA,INDIANOPOLIS
4087919,SP,ANAPURUS,INDIANOPOLIS
4077911,SP,MOEMA,PLANALTO PAULISTA
4218901,SP,FREIRE BRAYNER,VILA HELIOPOLIS
4222903,SP,AURIVERDE,VILA INDEPENDENCIA
4222904,SP,AURIVERDE,VILA INDEPENDENCIA
4225900,SP,CARIOCA,VILA CARIOCA
4225901,SP,CARIOCA,VILA CARIOCA
4225902,SP,LICIO DE MIRANDA,VILA CARIOCA
4218900,SP,TAYLOR,IPIRANGA
4231902,SP,CONEGO XAVIER,CIDADE NOVA HELIOPOLIS
4210901,SP,OLIVEIRA ALVES,IPIRANGA
4232900,SP,LAGRIMAS,IPIRANGA
4232901,SP,LAGRIMAS,IPIRANGA
4217903,SP,ALVARO DO VALE,IPIRANGA
4076903,SP,CHIBARAS,PLANALTO PAULISTA
4223900,SP,ALVARO FRAGOSO,VILA INDEPENDENCIA
4079909,SP,JUREMA,INDIANOPOLIS
4229900,SP,DE CAMAMU,CIDADE NOVA HELIOPOLIS
4240900,SP,ANNY,SAO JOAO CLIMACO
4064900,SP,IRERE,PLANALTO PAULISTA
4065901,SP,CECI,PLANALTO PAULISTA
4072900,SP,JURANDIR,PLANALTO PAULISTA
4074901,SP,MOREIRA GUIMARAES,INDIANOPOLIS
4075901,SP,ACOCE,INDIANOPOLIS
4075902,SP,ACOCE,INDIANOPOLIS
4075904,SP,ACOCE,INDIANOPOLIS
4079904,SP,JUREMA,INDIANOPOLIS
4076904,SP,CHIBARAS,PLANALTO PAULISTA
4217904,SP,ALVARO DO VALE,IPIRANGA
4087904,SP,ANAPURUS,INDIANOPOLIS
4079907,SP,JUREMA,INDIANOPOLIS
4084902,SP,MIRUNA,INDIANOPOLIS
4086903,SP,AICAS,INDIANOPOLIS
4085900,SP,IMARES,INDIANOPOLIS
4085901,SP,IMARES,INDIANOPOLIS
4086904,SP,AICAS,INDIANOPOLIS
4086905,SP,AICAS,INDIANOPOLIS
4086906,SP,AICAS,INDIANOPOLIS
4086907,SP,AICAS,INDIANOPOLIS
4087900,SP,ANAPURUS,INDIANOPOLIS
4087902,SP,ANAPURUS,INDIANOPOLIS
4084900,SP,MIRUNA,INDIANOPOLIS
4087903,SP,ANAPURUS,INDIANOPOLIS
4080915,SP,JURUCE,INDIANOPOLIS
4087905,SP,ANAPURUS,INDIANOPOLIS
4087906,SP,ANAPURUS,INDIANOPOLIS
4087907,SP,ANAPURUS,INDIANOPOLIS
4087908,SP,ANAPURUS,INDIANOPOLIS
4087909,SP,ANAPURUS,INDIANOPOLIS
4087910,SP,ANAPURUS,INDIANOPOLIS
4087911,SP,ANAPURUS,INDIANOPOLIS
4087912,SP,ANAPURUS,INDIANOPOLIS
4087913,SP,ANAPURUS,INDIANOPOLIS
4087914,SP,ANAPURUS,INDIANOPOLIS
4087915,SP,ANAPURUS,INDIANOPOLIS
4087901,SP,ANAPURUS,INDIANOPOLIS
4081906,SP,ARATAS,INDIANOPOLIS
4080903,SP,JANDIRA,INDIANOPOLIS
4080904,SP,JANDIRA,INDIANOPOLIS
4080905,SP,JANDIRA,INDIANOPOLIS
4080906,SP,JANDIRA,INDIANOPOLIS
4080907,SP,JANDIRA,INDIANOPOLIS
4080908,SP,JURUCE,INDIANOPOLIS
4080909,SP,JURUCE,INDIANOPOLIS
4080910,SP,JURUCE,INDIANOPOLIS
4080911,SP,JURUCE,INDIANOPOLIS
4080912,SP,JURUCE,INDIANOPOLIS
4080913,SP,JURUCE,INDIANOPOLIS
4084901,SP,MIRUNA,INDIANOPOLIS
4081903,SP,ARATAS,INDIANOPOLIS
4707906,SP,ANDREA PAULINETTI,JARDIM DAS ACACIAS
4081908,SP,ARATAS,INDIANOPOLIS
4082902,SP,IRAE,INDIANOPOLIS
4082903,SP,IRAI,INDIANOPOLIS
4082904,SP,IRAI,INDIANOPOLIS
4082905,SP,IRAI,INDIANOPOLIS
4082906,SP,IRAI,INDIANOPOLIS
4082907,SP,IRAI,INDIANOPOLIS
4082908,SP,IRAI,INDIANOPOLIS
4093901,SP,MOACI,PLANALTO PAULISTA
4083902,SP,MOACI,PLANALTO PAULISTA
4082909,SP,LYDIA SIMOES CABRAL,INDIANOPOLIS
4080914,SP,JURUCE,INDIANOPOLIS
3280901,SP,EDMUNDO JUVENTINO FUENTES,PARQUE TOMAS SARAIVA
3312900,SP,MARTIM PESCADOR,TATUAPE
5402919,SP,REBOUCAS,PINHEIROS
1033902,SP,ALFREDO ISSA,CENTRO
5402920,SP,REBOUCAS,PINHEIROS
2989900,SP,RAIMUNDO PEREIRA DE MAGALHAES,JARDIM MARILU
4077913,SP,MOEMA,PLANALTO PAULISTA
5724904,SP,ALBERTO AUGUSTO ALVES,VILA ANDRADE
5477903,SP,NACOES UNIDAS,JARDIM UNIVERSIDADE PINHEIROS
1455906,SP,HUNGRIA,JARDIM EUROPA
1545900,SP,DIOGO,JARDIM GLORIA
4317900,SP,DOMICIANO LEITE RIBEIRO,VILA GUARANI
4717917,SP,ALEXANDRE DUMAS,CHACARA SANTO ANTONIO
3280900,SP,EDMUNDO JUVENTINO FUENTES,PARQUE TOMAS SARAIVA
4571908,SP,GERALDO CAMPOS MOREIRA,CIDADE MONCOES
3281902,SP,VILA EMA,VILA EMA
3281903,SP,VILA EMA,VILA EMA
3281904,SP,VILA EMA,VILA EMA
3275905,SP,VILA EMA,VILA EMA
3257906,SP,VILA EMA,VILA EMA
3282907,SP,VILA EMA,VILA EMA
3294908,SP,VILA EMA,VILA EMA
3295909,SP,VILA EMA,VILA EMA
3337900,SP,TOM JOBIM,JARDIM ANALIA FRANCO
3306900,SP,DOMINGOS AGOSTIM,CIDADE MAE DO CEU
4705903,SP,JACERU,VILA GERTRUDES
4437902,SP,JOAO PEIXOTO VIEGAS,JARDIM CONSORCIO
4719905,SP,VERBO DIVINO,CHACARA SANTO ANTONIO
4719912,SP,VERBO DIVINO,CHACARA SANTO ANTONIO
5037900,SP,SOUSA,AGUA BRANCA
4293900,SP,BOQUEIRAO,SAUDE
1310936,SP,PAULISTA,BELA VISTA
1310945,SP,PAULISTA,BELA VISTA
1014925,SP,BOA VISTA,CENTRO
4538906,SP,FARIA LIMA,ITAIM BIBI
4581905,SP,FRANCISCO DIAS VELHO,VILA CORDEIRO
1410902,SP,ROCHA AZEVEDO,CERQUEIRA CESAR
8220900,SP,JOSE PINHEIRO BORGES,VILA CAMPANELA
4602925,SP,DO TRIUNFO,BROOKLIN PAULISTA
1141902,SP,ANTARTICA,PARQUE IND TOMAS EDSON
1215900,SP,HELVETIA,CAMPOS ELISEOS
8090900,SP,JOSE ARTUR NOVA,PARQUE PAULISTANO
1109900,SP,PEDRO VICENTE,LUZ
5303913,SP,CARLOS WEBER,VILA LEOPOLDINA
5425905,SP,NACOES UNIDAS,PINHEIROS
5676900,SP,MAGALHAES DE CASTRO,CIDADE JARDIM
4709901,SP,BELA VISTA,SANTO AMARO
4185901,SP,PROJETADA,VILA LIVIERO
4185902,SP,PROJETADA,VILA LIVIERO
4246901,SP,ANCHIETA,VILA MOINHO VELHO
3081900,SP,TUIUTI,TATUAPE
3123902,SP,SARAPUI,MOOCA
3084902,SP,VIRGINIA,TATUAPE
4755902,SP,GIBRALTAR,SANTO AMARO
5145907,SP,RAIMUNDO PEREIRA DE MAGALHAES,JARDIM IRIS
3319900,SP,CANTAGALO,VILA GOMES CARDIM
3115901,SP,PAES DE BARROS,MOOCA
4205914,SP,NAMI JAFET,IPIRANGA
4571936,SP,LUIZ CARLOS BERRINI,CIDADE MONCOES
5311903,SP,MERGENTHALER,VILA LEOPOLDINA
5428900,SP,SUMIDOURO,PINHEIROS
1212901,SP,COUTO DE MAGALHAES,SANTA EFIGENIA
1013911,SP,QUINZE DE NOVEMBRO,CENTRO
1014940,SP,BOA VISTA,CENTRO
1409903,SP,PEIXOTO GOMIDE,JARDIM PAULISTA
1311932,SP,PAULISTA,BELA VISTA
1014930,SP,BOA VISTA,CENTRO
1311937,SP,PAULISTA,BELA VISTA
5550900,SP,MARIO REGALLO PEREIRA,JARDIM GILDA MARIA
1107902,SP,ESTADO,BOM RETIRO
5577902,SP,RAPOSO TAVARES,JARDIM ARPOADOR
1304902,SP,AUGUSTA,CONSOLACAO
1308901,SP,ADMA JAFET,BELA VISTA
2010902,SP,VOLUNTARIOS DA PATRIA,SANTANA
4029904,SP,IBIRAPUERA,INDIANOPOLIS
4543907,SP,JUSCELINO KUBITSCHEK,VILA NOVA CONCEICAO
3617900,SP,CLAUDIA,VILA MARIETA
4711904,SP,OLAVO REDIG DE CAMPOS,VILA SAO FRANCISCO
5035901,SP,MACEDO SOARES,PARQUE RES DA LAPA
8430900,SP,PASCAL,JARDIM SAO PAULO
1144901,SP,WILLY HEINRICH BORGHOFF,PARQUE IND TOMAS EDSON
4217905,SP,VEMAG,IPIRANGA
8090901,SP,JOSE ARTUR NOVA,PARQUE PAULISTANO
1415909,SP,BELA CINTRA,CONSOLACAO
4671901,SP,OLAVO BILAC,VILA SOFIA
4671902,SP,COSTA,VILA SOFIA
4671905,SP,COSTA,VILA SOFIA
4674903,SP,GERALDO SANT ANA,JARDIM TAQUARAL
4671906,SP,SOCRATES,VILA SOFIA
4671907,SP,SOCRATES,VILA SOFIA
4674904,SP,JOSE BENEDITO SALINAS,JARDIM ITAPEVA
4674905,SP,ROQUE GIANGRANDE FILHO,JARDIM ITAPEVA
5307900,SP,ROBERTO ZUCCOLO,JARDIM HUMAITA
1227902,SP,ANGELICA,CONSOLACAO
1220907,SP,BENTO FREITAS,REPUBLICA
1310935,SP,PAULISTA,BELA VISTA
1219906,SP,AROUCHE,REPUBLICA
3061900,SP,TOLEDO BARBOSA,BELENZINHO
1131900,SP,SERGIO TOMAS,BOM RETIRO
1516901,SP,ESTADO,CAMBUCI
1418901,SP,SANTOS,CERQUEIRA CESAR
1013906,SP,QUINZE DE NOVEMBRO,CENTRO
3640900,SP,ORENCIO VIDIGAL,VILA CARLOS DE CAMPOS
3614900,SP,VERENA,VILA SANTANA
4360900,SP,MANUEL CHEREM,VILA PAULISTA
1226901,SP,MARTIM FRANCISCO,SANTA CECILIA
3169901,SP,MARCIAL,MOOCA
4055901,SP,ISAIAS SALOMAO,SAUDE
4583908,SP,JURUBATUBA,VILA CORDEIRO
4583915,SP,CHUCRI ZAIDAN,VILA CORDEIRO
4563908,SP,CONCEICAO DE MONTE ALEGRE,CIDADE MONCOES
4567901,SP,ARIZONA,CIDADE MONCOES
4569901,SP,GUARAIUVA,CIDADE MONCOES
4571921,SP,SANSAO ALVES DOS SANTOS,CIDADE MONCOES
4571922,SP,SANSAO ALVES DOS SANTOS,CIDADE MONCOES
4571923,SP,SANSAO ALVES DOS SANTOS,CIDADE MONCOES
4571935,SP,LUIZ CARLOS BERRINI,CIDADE MONCOES
4578907,SP,NACOES UNIDAS,BROOKLIN PAULISTA
4578910,SP,NACOES UNIDAS,BROOKLIN PAULISTA
4578911,SP,NACOES UNIDAS,BROOKLIN PAULISTA
4565911,SP,FLORIDA,CIDADE MONCOES
4569903,SP,QUINTANA,CIDADE MONCOES
4565910,SP,FLORIDA,CIDADE MONCOES
4583907,SP,CHUCRI ZAIDAN,VILA CORDEIRO
4583909,SP,CHUCRI ZAIDAN,VILA CORDEIRO
4583910,SP,CHUCRI ZAIDAN,VILA CORDEIRO
4583911,SP,ALVARO RODRIGUES,VILA CORDEIRO
4581901,SP,ROQUE PETRELLA,VILA CORDEIRO
4581902,SP,ROQUE PETRELLA,VILA CORDEIRO
4578906,SP,NACOES UNIDAS,BROOKLIN PAULISTA
4578908,SP,NACOES UNIDAS,BROOKLIN PAULISTA
4571924,SP,LUIZ CARLOS BERRINI,CIDADE MONCOES
4571925,SP,LUIZ CARLOS BERRINI,CIDADE MONCOES
4571926,SP,LUIZ CARLOS BERRINI,CIDADE MONCOES
4571937,SP,GERALDO CAMPOS MOREIRA,CIDADE MONCOES
4560916,SP,NEBRASKA,BROOKLIN NOVO
4221900,SP,AMADIS,VILA INDEPENDENCIA
4707907,SP,ANDREA PAULINETTI,JARDIM DAS ACACIAS
4708904,SP,CANCIONEIRO DE EVORA,SANTO AMARO
4713900,SP,PAZ,CHACARA SANTO ANTONIO
4713901,SP,PAZ,CHACARA SANTO ANTONIO
4556901,SP,AMARO,BROOKLIN PAULISTA
4556902,SP,AMARO,BROOKLIN PAULISTA
4556903,SP,AMARO,BROOKLIN PAULISTA
4559910,SP,PORTUGAL,BROOKLIN PAULISTA
4559911,SP,PORTUGAL,BROOKLIN PAULISTA
4559912,SP,PORTUGAL,BROOKLIN PAULISTA
4565912,SP,FLORIDA,CIDADE MONCOES
4560915,SP,NOVA YORK,BROOKLIN PAULISTA
4571929,SP,LUIZ CARLOS BERRINI,CIDADE MONCOES
4562908,SP,ARANDU,BROOKLIN PAULISTA
4562909,SP,ARANDU,BROOKLIN PAULISTA
4561910,SP,GUARARAPES,BROOKLIN PAULISTA
4562910,SP,ARANDU,BROOKLIN PAULISTA
4561911,SP,GUARARAPES,BROOKLIN PAULISTA
4561913,SP,GUARARAPES,BROOKLIN PAULISTA
4561914,SP,GUARARAPES,BROOKLIN PAULISTA
4562911,SP,FURNAS,BROOKLIN PAULISTA
4576900,SP,GEORGE OHM,CIDADE MONCOES
4576901,SP,GEORGE OHM,CIDADE MONCOES
4565909,SP,FLORIDA,CIDADE MONCOES
4560914,SP,NOVA YORK,BROOKLIN PAULISTA
1305904,SP,AUGUSTA,CONSOLACAO
4007903,SP,TUTOIA,VILA MARIANA
4080922,SP,JAMARIS,PLANALTO PAULISTA
4080923,SP,JAMARIS,PLANALTO PAULISTA
4003904,SP,RAFAEL DE BARROS,PARAISO
5303912,SP,CARLOS WEBER,VILA LEOPOLDINA
1013910,SP,QUINZE DE NOVEMBRO,CENTRO
5113902,SP,ANHANGUERA,VILA JAGUARA
4902905,SP,GUARAPIRANGA,PARQUE ALVES DE LIMA
5596900,SP,FIUZA DE CASTRO,JARDIM PINHEIROS
4506905,SP,AMARO,VILA NOVA CONCEICAO
4836900,SP,BENTO MOREIRA,JARDIM ALPINO
4571927,SP,LUIZ CARLOS BERRINI,CIDADE MONCOES
5276900,SP,ANHANGUERA,VILA SULINA
4437901,SP,JOAO ROCHA,JARDIM CONSORCIO
3331900,SP,ALVARO RAMOS,QUARTA PARADA
1419913,SP,SANTOS,CERQUEIRA CESAR
4205913,SP,NAMI JAFET,IPIRANGA
5311902,SP,MERGENTHALER,VILA LEOPOLDINA
4292901,SP,EUGENIO FALK,SAUDE
4104904,SP,CORREIA DIAS,PARAISO
1410901,SP,ROCHA AZEVEDO,CERQUEIRA CESAR
5348903,SP,GONCALO MADEIRA,JAGUARE
5312901,SP,HASSIB MOFARREJ,VILA LEOPOLDINA
3827903,SP,ASSIS RIBEIRO,ERMELINO MATARAZZO
4707905,SP,ANDREA PAULINETTI,JARDIM DAS ACACIAS
5303905,SP,CARLOS WEBER,VILA LEOPOLDINA
4634902,SP,HELADE,JARDIM BRASIL
5312902,SP,HASSIB MOFARREJ,VILA LEOPOLDINA
4571930,SP,LUIZ CARLOS BERRINI,CIDADE MONCOES
4571931,SP,LUIZ CARLOS BERRINI,CIDADE MONCOES
4571932,SP,LUIZ CARLOS BERRINI,CIDADE MONCOES
4571933,SP,LUIZ CARLOS BERRINI,CIDADE MONCOES
4571934,SP,LUIZ CARLOS BERRINI,CIDADE MONCOES
4571938,SP,GERALDO CAMPOS MOREIRA,CIDADE MONCOES
4569902,SP,QUINTANA,CIDADE MONCOES
4580900,SP,LUIZ GALLOTTI,VILA CORDEIRO
4583912,SP,JURUBATUBA,VILA CORDEIRO
4581903,SP,FRANCISCO DIAS VELHO,VILA CORDEIRO
4467900,SP,ROBERT BIRD,CJ RES INGAI
4630900,SP,TAMOIOS,JARDIM AEROPORTO
4437900,SP,JOAO PEIXOTO VIEGAS,JARDIM CONSORCIO
4634903,SP,TEBAS,JARDIM BRASIL
4635900,SP,PALACETE DAS AGUIAS,VILA ALEXANDRIA
4635902,SP,PALACETE DAS AGUIAS,VILA ALEXANDRIA
4635903,SP,PALACETE DAS AGUIAS,VILA ALEXANDRIA
4635904,SP,MARATONA,VILA ALEXANDRIA
4635905,SP,ITAGYBA SANTIAGO,VILA ALEXANDRIA
4635906,SP,ITAGYBA SANTIAGO,VILA ALEXANDRIA
4650900,SP,JOSE NEVES,VILA SAO PAULO
4653900,SP,FRANCISCO FELIPPE AGOSTI,VILA INGLESA
4655900,SP,ANTONIO GIL,JARDIM ALZIRA
4655901,SP,VICENTE PEREIRA DE ASSUNCAO,VILA CONSTANCA
4571928,SP,LUIZ CARLOS BERRINI,CIDADE MONCOES
4675903,SP,ACAPULCO,JURUBATUBA
5466903,SP,ARRUDA BOTELHO,ALTO DE PINHEIROS
4601905,SP,ISABEL,BROOKLIN PAULISTA
5468910,SP,DARDANELOS,ALTO DA LAPA
5468911,SP,DARDANELOS,ALTO DA LAPA
5468912,SP,DARDANELOS,ALTO DA LAPA
5468913,SP,BERGAMOTA,ALTO DA LAPA
5468914,SP,BERGAMOTA,ALTO DA LAPA
5468915,SP,BERGAMOTA,ALTO DA LAPA
5468916,SP,BERGAMOTA,ALTO DA LAPA
5445918,SP,PASCOAL VITA,VILA MADALENA
5468917,SP,BERGAMOTA,ALTO DA LAPA
5468918,SP,BERGAMOTA,ALTO DA LAPA
5455902,SP,DOMINGOS SAVIO,VILA IDA
5466902,SP,ARRUDA BOTELHO,ALTO DE PINHEIROS
5458904,SP,DIOGENES RIBEIRO DE LIMA,ALTO DE PINHEIROS
5466904,SP,ARRUDA BOTELHO,ALTO DE PINHEIROS
5466905,SP,ARRUDA BOTELHO,ALTO DE PINHEIROS
5466906,SP,ARRUDA BOTELHO,ALTO DE PINHEIROS
5466907,SP,ARRUDA BOTELHO,ALTO DE PINHEIROS
5452900,SP,ALBERTO SEABRA,VILA MADALENA
4438900,SP,DAVID EID,VILA DO CASTELO
8330900,SP,ESCORPIAO,CIDADE SATELITE SANTA BARBARA
8340900,SP,FORTE DO LEME,PARQUE SAO LOURENCO
8375900,SP,RAGUEB CHOHFI,JARDIM TRES MARIAS
8340901,SP,FORTE DO RIO NEGRO,PARQUE SAO LOURENCO
4616901,SP,PASCAL,CAMPO BELO
5468919,SP,BERGAMOTA,ALTO DA LAPA
5451901,SP,MANUEL DE MELO PIMENTA,VILA MADALENA
5468906,SP,DARDANELOS,ALTO DA LAPA
5468907,SP,DARDANELOS,ALTO DA LAPA
5468908,SP,COELHO DE CARVALHO,ALTO DA LAPA
5468909,SP,PIO XI,ALTO DE PINHEIROS
5443900,SP,NATINGUI,VILA MADALENA
5445911,SP,LEAO COROADO,VILA MADALENA
5445912,SP,LEAO COROADO,VILA MADALENA
5445913,SP,LEAO COROADO,VILA MADALENA
5445914,SP,PASCOAL VITA,VILA MADALENA
5445915,SP,PASCOAL VITA,VILA MADALENA
5445916,SP,PASCOAL VITA,VILA MADALENA
5469901,SP,PEREIRA DE ANDRADE,BOACAVA
5451900,SP,REALENGO,VILA MADALENA
4601906,SP,ISABEL,BROOKLIN PAULISTA
5451902,SP,MANUEL DE MELO PIMENTA,VILA MADALENA
5451903,SP,ANTONIO BORBA,VILA MADALENA
5451904,SP,ANTONIO BORBA,VILA MADALENA
5451905,SP,ANTONIO BORBA,VILA MADALENA
5451906,SP,ANTONIO BORBA,VILA MADALENA
5455901,SP,DOMINGOS SAVIO,VILA IDA
5454900,SP,SUCURIU,VILA IDA
5451907,SP,IBIRACU,VILA MADALENA
5451908,SP,ANTONIO BORBA,VILA MADALENA
5458905,SP,DIOGENES RIBEIRO DE LIMA,ALTO DE PINHEIROS
5458903,SP,DIOGENES RIBEIRO DE LIMA,ALTO DE PINHEIROS
5445917,SP,PASCOAL VITA,VILA MADALENA
4612903,SP,DE BELA VISTA,VILA CONGONHAS
5705901,SP,ITAPAIUNA,JARDIM MORUMBI
4606902,SP,DE JACEGUAI,CAMPO BELO
4607900,SP,ANTONIO DE MACEDO SOARES,CAMPO BELO
4607901,SP,ANTONIO DE MACEDO SOARES,CAMPO BELO
4608902,SP,VOLTA REDONDA,CAMPO BELO
4608903,SP,VOLTA REDONDA,CAMPO BELO
4608904,SP,VOLTA REDONDA,CAMPO BELO
4608906,SP,VOLTA REDONDA,CAMPO BELO
4608907,SP,DE PORTO ALEGRE,CAMPO BELO
4608908,SP,DE PORTO ALEGRE,CAMPO BELO
4612900,SP,INVERNADA,VILA CONGONHAS
4606901,SP,DE JACEGUAI,CAMPO BELO
4612902,SP,DE BELA VISTA,VILA CONGONHAS
4620900,SP,JOSE DINIZ,SANTO AMARO
4614902,SP,DEMOSTENES,CAMPO BELO
4614903,SP,DEMOSTENES,CAMPO BELO
4614905,SP,MORAIS DE BARROS,CAMPO BELO
4614906,SP,MORAIS DE BARROS,CAMPO BELO
4615904,SP,JESUINO MACIEL,CAMPO BELO
4614901,SP,DEMOSTENES,CAMPO BELO
4615902,SP,JESUINO MACIEL,CAMPO BELO
4615903,SP,JESUINO MACIEL,CAMPO BELO
4616903,SP,PASCAL,CAMPO BELO
4616904,SP,PASCAL,CAMPO BELO
4222902,SP,AURIVERDE,VILA INDEPENDENCIA
4612901,SP,INVERNADA,VILA CONGONHAS
4602916,SP,DO TRIUNFO,BROOKLIN PAULISTA
4601907,SP,ISABEL,CAMPO BELO
4601904,SP,ISABEL,BROOKLIN PAULISTA
4602904,SP,DO TRIUNFO,BROOKLIN PAULISTA
4602905,SP,DO TRIUNFO,BROOKLIN PAULISTA
4602908,SP,DO TRIUNFO,BROOKLIN PAULISTA
4602909,SP,DO TRIUNFO,BROOKLIN PAULISTA
4602910,SP,DO TRIUNFO,BROOKLIN PAULISTA
4602911,SP,DO TRIUNFO,BROOKLIN PAULISTA
4620912,SP,DO TRIUNFO,BROOKLIN PAULISTA
4602913,SP,DO TRIUNFO,BROOKLIN PAULISTA
4602912,SP,DO TRIUNFO,BROOKLIN PAULISTA
4606900,SP,DE JACEGUAI,CAMPO BELO
4602915,SP,DO TRIUNFO,BROOKLIN PAULISTA
5468904,SP,PIO XI,ALTO DE PINHEIROS
4602917,SP,DO TRIUNFO,BROOKLIN PAULISTA
4602918,SP,DO TRIUNFO,BROOKLIN PAULISTA
4602919,SP,DO TRIUNFO,BROOKLIN PAULISTA
4602920,SP,DO TRIUNFO,BROOKLIN PAULISTA
4602922,SP,DO TRIUNFO,BROOKLIN PAULISTA
4602906,SP,DO TRIUNFO,BROOKLIN PAULISTA
4602923,SP,DO TRIUNFO,BROOKLIN PAULISTA
4602903,SP,DO TRIUNFO,BROOKLIN PAULISTA
4604902,SP,JOSE DINIZ,SANTO AMARO
4603903,SP,JOSE DINIZ,SANTO AMARO
4602900,SP,CRISTOVAO PEREIRA,CAMPO BELO
4602914,SP,DO TRIUNFO,BROOKLIN PAULISTA
4904904,SP,GUARAPIRANGA,JARDIM DAS FLORES
5445910,SP,ISABEL DE CASTELA,VILA MADALENA
5051900,SP,TITO,VILA ROMANA
4534900,SP,BRASILIA,ITAIM BIBI
1140901,SP,VARZEA,VARZEA DA BARRA FUNDA
3453900,SP,RIO DAS PEDRAS,JARDIM ARICANDUVA
3729900,SP,FLORESTA AZUL,JARDIM DANFER
1327902,SP,TREZE DE MAIO,BELA VISTA
1327901,SP,TREZE DE MAIO,BELA VISTA
1327905,SP,TREZE DE MAIO,BELA VISTA
1327900,SP,TREZE DE MAIO,BELA VISTA
4717904,SP,ALEXANDRE DUMAS,CHACARA SANTO ANTONIO
1212903,SP,TRIUNFO,SANTA EFIGENIA
4703900,SP,MORUMBI,SANTO AMARO
3307900,SP,TUIUTI,TATUAPE
5317901,SP,JOSE CESAR DE OLIVEIRA,VILA LEOPOLDINA
5317902,SP,JOSE CESAR DE OLIVEIRA,VILA LEOPOLDINA
4532923,SP,JESUINO ARRUDA,ITAIM BIBI
5051901,SP,FRANCISCO ALVES,VILA ROMANA
5690905,SP,GEORGE EASTMAN,VILA TRAMONTANO
4042901,SP,ALTINO ARANTES,VILA CLEMENTINO
4062904,SP,INDIANOPOLIS,INDIANOPOLIS
4222900,SP,AURIVERDE,VILA INDEPENDENCIA
4719908,SP,VERBO DIVINO,CHACARA SANTO ANTONIO
1525902,SP,TAMANDARE,LIBERDADE
1436900,SP,CANADA,JARDIM AMERICA
4717911,SP,ALEXANDRE DUMAS,CHACARA SANTO ANTONIO
5207906,SP,FELIPE CARDOSO DE CAMPOS,VILA CAIUBA
1017908,SP,BETTENCOURT RODRIGUES,SE
1017909,SP,BETTENCOURT RODRIGUES,SE
1017910,SP,BETTENCOURT RODRIGUES,SE
1017911,SP,RANGEL PESTANA,SE
1019900,SP,CARMO,SE
1020900,SP,TABATINGUERA,SE
1020901,SP,TABATINGUERA,SE
2995900,SP,FRIEDRICH VON VOITH,PARQUE NACOES UNIDAS
1020904,SP,TABATINGUERA,SE
3016900,SP,JOLI,BRAS
1020902,SP,TABATINGUERA,SE
1212904,SP,TRIUNFO,SANTA EFIGENIA
5207905,SP,FELIPE CARDOSO DE CAMPOS,VILA CAIUBA
1031900,SP,ANHANGABAU,CENTRO
5207907,SP,FELIPE CARDOSO DE CAMPOS,VILA CAIUBA
5207908,SP,FELIPE CARDOSO DE CAMPOS,VILA CAIUBA
5804900,SP,MARIA COELHO AGUIAR,JARDIM SAO LUIS
4329900,SP,IMIGRANTES 1500,AGUA FUNDA
4531944,SP,PEDROSO ALVARENGA,ITAIM BIBI
4535904,SP,JOAO CACHOEIRA,VILA NOVA CONCEICAO
4829900,SP,ENEAS DE SIQUEIRA NETO,JARDIM DAS IMBUIAS
1049911,SP,FORMOSA,CENTRO
3220900,SP,ORATORIO,JARDIM ANGELA
3220901,SP,ORATORIO,VILA PRUDENTE
3220902,SP,ORATORIO,VILA PRUDENTE
4543906,SP,JUSCELINO KUBITSCHEK,VILA NOVA CONCEICAO
5445904,SP,OURANIA,VILA MADALENA
5035900,SP,MACEDO SOARES,PARQUE RES DA LAPA
1008908,SP,LIBERO BADARO,CENTRO
5036907,SP,ANTONIO NAGIB IBRAHIM,AGUA BRANCA
5466901,SP,ARRUDA BOTELHO,ALTO DE PINHEIROS
5453903,SP,LUIS AUGUSTO DE QUEIROS ARANHA,VILA MADALENA
5442906,SP,ARAIOSES,SUMAREZINHO
5442901,SP,ARAIOSES,SUMAREZINHO
5442902,SP,PEREIRA LEITE,SUMAREZINHO
5442903,SP,ROSALVO,SUMAREZINHO
5445900,SP,PASCOAL VITA,VILA MADALENA
5445901,SP,OURANIA,VILA MADALENA
1424908,SP,LORENA,JARDIM PAULISTA
5445903,SP,OURANIA,VILA MADALENA
4583906,SP,CHUCRI ZAIDAN,VILA CORDEIRO
5445905,SP,OURANIA,VILA MADALENA
5445906,SP,PASCOAL VITA,VILA MADALENA
5453900,SP,LUIS AUGUSTO DE QUEIROS ARANHA,VILA MADALENA
5453901,SP,JAPUBA,VILA MADALENA
5453902,SP,LUIS AUGUSTO DE QUEIROS ARANHA,VILA MADALENA
5442907,SP,ISABEL DE CASTELA,VILA MADALENA
5445908,SP,ISABEL DE CASTELA,VILA MADALENA
5445909,SP,ISABEL DE CASTELA,VILA MADALENA
5452901,SP,SARARE,VILA MADALENA
5468903,SP,PIO XI,ALTO DE PINHEIROS
4617906,SP,VIEIRA DE MORAIS,CAMPO BELO
5445902,SP,OURANIA,VILA MADALENA
5425903,SP,NACOES UNIDAS,PINHEIROS
5468905,SP,INHATIUM,ALTO DE PINHEIROS
1009908,SP,LIBERO BADARO,CENTRO
1013915,SP,QUINZE DE NOVEMBRO,CENTRO
1031906,SP,PRESTES MAIA,CENTRO
1033907,SP,IFIGENIA,CENTRO
3070900,SP,MELO PEIXOTO,TATUAPE
3077900,SP,ULISSES CRUZ,TATUAPE
3106900,SP,ANA NERI,MOOCA
3109904,SP,CADIRIRI,PARQUE DA MOOCA
5001902,SP,FRANCISCO MATARAZZO,AGUA BRANCA
5425904,SP,NACOES UNIDAS,PINHEIROS
2550900,SP,MANDAQUI,LIMAO
5477900,SP,NACOES UNIDAS,JARDIM UNIVERSIDADE PINHEIROS
4578903,SP,NACOES UNIDAS,BROOKLIN PAULISTA
5477902,SP,NACOES UNIDAS,JARDIM UNIVERSIDADE PINHEIROS
1219905,SP,AROUCHE,REPUBLICA
1219900,SP,AROUCHE,REPUBLICA
1219904,SP,AROUCHE,REPUBLICA
1219901,SP,AROUCHE,REPUBLICA
1219902,SP,AROUCHE,REPUBLICA
1219903,SP,AROUCHE,REPUBLICA
3409900,SP,JOSE TABACOW,CHACARA SANTO ANTONIO
4583903,SP,CHUCRI ZAIDAN,VILA CORDEIRO
4583904,SP,CHUCRI ZAIDAN,VILA CORDEIRO
2085900,SP,LUIZ DUMONT VILLARES AV,JARDIM SAO PAULO
1311935,SP,PAULISTA,BELA VISTA
5425902,SP,NACOES UNIDAS,PINHEIROS
4719917,SP,MANOELITO DE ORNELLAS,CHACARA SANTO ANTONIO
4204905,SP,COSTA AGUIAR,IPIRANGA
4729900,SP,CARMO DO RIO VERDE,JARDIM CARAVELAS
4728901,SP,LAGUNA,JARDIM CARAVELAS
4794904,SP,NACOES UNIDAS,VILA GERTRUDES
4794905,SP,NACOES UNIDAS,VILA GERTRUDES
4704901,SP,PASSAROS E FLORES,JARDIM DAS ACACIAS
4717912,SP,ALEXANDRE DUMAS,CHACARA SANTO ANTONIO
4717913,SP,ALEXANDRE DUMAS,CHACARA SANTO ANTONIO
4717914,SP,ALEXANDRE DUMAS,CHACARA SANTO ANTONIO
4717915,SP,ALEXANDRE DUMAS,CHACARA SANTO ANTONIO
4717916,SP,ALEXANDRE DUMAS,CHACARA SANTO ANTONIO
4001908,SP,MANOEL DA NOBREGA,PARAISO
4719911,SP,VERBO DIVINO,CHACARA SANTO ANTONIO
4001905,SP,MANOEL DA NOBREGA,PARAISO
4725900,SP,VITO ROLIM DE FREITAS,VILA ELVIRA
4726910,SP,SAMUEL DE CASTRO NEVES,VILA CRUZEIRO
4724903,SP,JOAO DIAS,SANTO AMARO
4726909,SP,SAMUEL DE CASTRO NEVES,VILA CRUZEIRO
4719914,SP,VERBO DIVINO,CHACARA SANTO ANTONIO
4719915,SP,VERBO DIVINO,CHACARA SANTO ANTONIO
4405901,SP,JOSE EID MALUF,AMERICANOPOLIS
4204903,SP,COSTA AGUIAR,IPIRANGA
4204904,SP,COSTA AGUIAR,IPIRANGA
4203901,SP,BOM PASTOR,IPIRANGA
4616902,SP,PASCAL,CAMPO BELO
4719910,SP,JOSE GUERRA,CHACARA SANTO ANTONIO
4003903,SP,LEONCIO DE CARVALHO,PARAISO
4005909,SP,ABILIO SOARES,PARAISO
4005906,SP,ABILIO SOARES,PARAISO
4005907,SP,ABILIO SOARES,PARAISO
4005904,SP,ABILIO SOARES,PARAISO
4005905,SP,ABILIO SOARES,PARAISO
4004908,SP,CARLOS STEINEN,PARAISO
4004909,SP,CARLOS STEINEN,PARAISO
4004910,SP,SAMPAIO VIANA,PARAISO
4004907,SP,CARLOS STEINEN,PARAISO
4003906,SP,RAFAEL DE BARROS,PARAISO
4003908,SP,RAFAEL DE BARROS,PARAISO
4727900,SP,BRAGANCA PAULISTA,VILA CRUZEIRO
4003907,SP,RAFAEL DE BARROS,PARAISO
4204906,SP,COSTA AGUIAR,IPIRANGA
4003901,SP,OSCAR PORTO,PARAISO
4003902,SP,LEONCIO DE CARVALHO,PARAISO
4002910,SP,TEIXEIRA DA SILVA,PARAISO
4003900,SP,OSCAR PORTO,PARAISO
4002908,SP,TEIXEIRA DA SILVA,PARAISO
4002909,SP,TEIXEIRA DA SILVA,PARAISO
4002906,SP,TEIXEIRA DA SILVA,PARAISO
4002907,SP,TEIXEIRA DA SILVA,PARAISO
4001907,SP,MANOEL DA NOBREGA,PARAISO
4004906,SP,BERNARDINO DE CAMPOS,PARAISO
4001906,SP,MANOEL DA NOBREGA,PARAISO
4003905,SP,ELISEU GUILHERME,PARAISO
4220908,SP,WILSON,VILA INDEPENDENCIA
4204902,SP,COSTA AGUIAR,IPIRANGA
4207909,SP,LINO COUTINHO,IPIRANGA
4203900,SP,BOM PASTOR,IPIRANGA
4209904,SP,MANIFESTO,IPIRANGA
4214900,SP,LABATUT,IPIRANGA
4211900,SP,GOMES DE SOUSA,IPIRANGA
4205912,SP,MANIFESTO,IPIRANGA
4215900,SP,2 DE JULHO,IPIRANGA
4215901,SP,LIMA E SILVA,IPIRANGA
4216900,SP,1822,IPIRANGA
4216901,SP,1822,IPIRANGA
4207907,SP,PATRIOTAS,IPIRANGA
4217901,SP,GRITO,IPIRANGA
4207906,SP,PATRIOTAS,IPIRANGA
4217902,SP,VEMAG,IPIRANGA
4220907,SP,WILSON,VILA INDEPENDENCIA
4220906,SP,WILSON,VILA INDEPENDENCIA
4220904,SP,WILSON,VILA INDEPENDENCIA
4220905,SP,WILSON,VILA INDEPENDENCIA
4220902,SP,WILSON,VILA INDEPENDENCIA
4220903,SP,WILSON,VILA INDEPENDENCIA
4220900,SP,WILSON,VILA INDEPENDENCIA
4220901,SP,WILSON,VILA INDEPENDENCIA
4220909,SP,GUAMIRANGA,VILA INDEPENDENCIA
4561900,SP,GUARARAPES,BROOKLIN PAULISTA
4217900,SP,GRITO,IPIRANGA
4206901,SP,AGOSTINHO GOMES,IPIRANGA
4204907,SP,CONSTITUINTE,IPIRANGA
4204908,SP,CONSTITUINTE,IPIRANGA
4205902,SP,CIPRIANO BARATA,IPIRANGA
4205903,SP,CIPRIANO BARATA,IPIRANGA
4205904,SP,CIPRIANO BARATA,IPIRANGA
4205905,SP,CIPRIANO BARATA,IPIRANGA
4205906,SP,CIPRIANO BARATA,IPIRANGA
4205907,SP,CIPRIANO BARATA,IPIRANGA
4205908,SP,CIPRIANO BARATA,IPIRANGA
4205909,SP,CIPRIANO BARATA,IPIRANGA
4205910,SP,CIPRIANO BARATA,IPIRANGA
4207908,SP,LINO COUTINHO,IPIRANGA
4206900,SP,AGOSTINHO GOMES,IPIRANGA
4005910,SP,ABILIO SOARES,PARAISO
4206905,SP,AGOSTINHO GOMES,IPIRANGA
4206906,SP,AGOSTINHO GOMES,IPIRANGA
4206902,SP,AGOSTINHO GOMES,IPIRANGA
4207902,SP,LINO COUTINHO,IPIRANGA
4206903,SP,AGOSTINHO GOMES,IPIRANGA
4206904,SP,AGOSTINHO GOMES,IPIRANGA
4206907,SP,AGOSTINHO GOMES,IPIRANGA
4210900,SP,OLIVEIRA ALVES,IPIRANGA
4207903,SP,LINO COUTINHO,IPIRANGA
4207904,SP,PATRIOTAS,IPIRANGA
4207905,SP,PATRIOTAS,IPIRANGA
4205911,SP,CIPRIANO BARATA,IPIRANGA
4738902,SP,D EU,SANTO AMARO
4005908,SP,ABILIO SOARES,PARAISO
4625904,SP,NHU GUACU,NOVA PIRAJU
4625902,SP,NHU GUACU,NOVA PIRAJU
4146910,SP,CHAGAS SANTOS,VILA DA SAUDE
4151900,SP,LEONOR KAUPA,BOSQUE DA SAUDE
4136900,SP,PORANGABA,BOSQUE DA SAUDE
4144901,SP,CARNEIRO DA CUNHA,VILA DA SAUDE
4144902,SP,FIACAO DA SAUDE,VILA DA SAUDE
4739900,SP,9 DE JULHO,SANTO AMARO
4734903,SP,CRUZ,SANTO AMARO
4735900,SP,BENEDITO,SANTO AMARO
4616905,SP,PASCAL,CAMPO BELO
4736901,SP,ELIAS ZARZUR,SANTO AMARO
4624903,SP,CATAGUAZ,VILA CONGONHAS
4739901,SP,JOSE,SANTO AMARO
4739902,SP,JOSE,SANTO AMARO
4747901,SP,BORBA GATO,SANTO AMARO
4742900,SP,ARTUR TORRES FILHO,SANTO AMARO
4741901,SP,D EU,SANTO AMARO
4747902,SP,JOAO ALFREDO,SANTO AMARO
4745900,SP,AMARO,SANTO AMARO
4746902,SP,BENEDITO FERNANDES,SANTO AMARO
4750900,SP,LUIS BARROSO,SANTO AMARO
4750901,SP,LUIS BARROSO,SANTO AMARO
4751901,SP,TREZE DE MAIO,SANTO AMARO
4736900,SP,JOAO PIMENTA,SANTO AMARO
4618917,SP,JOAO DE SOUZA DIAS,CAMPO BELO
4617907,SP,VIEIRA DE MORAIS,CAMPO BELO
4617910,SP,VIEIRA DE MORAIS,CAMPO BELO
4617905,SP,VIEIRA DE MORAIS,CAMPO BELO
4618915,SP,JOAO DE SOUZA DIAS,CAMPO BELO
4618916,SP,ALVARO LUIS ROBERTO DE ASSUMPCAO,CAMPO BELO
4618913,SP,JOAO DE SOUZA DIAS,CAMPO BELO
4618914,SP,JOAO DE SOUZA DIAS,CAMPO BELO
4618911,SP,JOAO DE SOUZA DIAS,CAMPO BELO
4005913,SP,CARLOS STEINEN,PARAISO
4618909,SP,JOAO DE SOUZA DIAS,CAMPO BELO
4618910,SP,JOAO DE SOUZA DIAS,CAMPO BELO
4625903,SP,NHU GUACU,NOVA PIRAJU
4618908,SP,JOAO DE SOUZA DIAS,CAMPO BELO
4753902,SP,FRANCISCO PITTA BRITO,SANTO AMARO
4618918,SP,JOAO DE SOUZA DIAS,CAMPO BELO
4618919,SP,EDSON,CAMPO BELO
4610902,SP,XAVIER GOUVEIA,PARQUE COLONIAL
4619903,SP,VICENTE LEPORACE,CAMPO BELO
4619904,SP,VICENTE LEPORACE,CAMPO BELO
4619905,SP,GABRIELE D ANNUNZIO,CAMPO BELO
4619906,SP,GABRIELE D ANNUNZIO,CAMPO BELO
4610901,SP,ZACARIAS DE GOIS,PARQUE COLONIAL
4624901,SP,GUTEMBERG,VILA CONGONHAS
4624902,SP,CASIMIRO DE ABREU,VILA CONGONHAS
4617908,SP,VIEIRA DE MORAIS,CAMPO BELO
4618907,SP,JOAO DE SOUZA DIAS,CAMPO BELO
4008900,SP,20 TRES DE MAIO,VILA MARIANA
4014907,SP,RODRIGUES ALVES,VILA MARIANA
4012910,SP,CALLIA,VILA MARIANA
4012911,SP,CUBATAO,VILA MARIANA
4012912,SP,BAGE,VILA MARIANA
4011906,SP,JOSE ANTONIO COELHO,VILA MARIANA
4011907,SP,ESTELA,VILA MARIANA
4011910,SP,ECA DE QUEIROZ,VILA MARIANA
4011911,SP,ECA DE QUEIROZ,VILA MARIANA
4011912,SP,ECA DE QUEIROZ,VILA MARIANA
4011909,SP,ECA DE QUEIROZ,VILA MARIANA
4011905,SP,20 TRES DE MAIO,VILA MARIANA
4752901,SP,AMADOR BUENO,SANTO AMARO
4007902,SP,TUTOIA,VILA MARIANA
4010905,SP,DOMINGOS DE MORAIS,VILA MARIANA
4006908,SP,AFONSO DE FREITAS,PARAISO
4007901,SP,TUTOIA,VILA MARIANA
4006906,SP,AFONSO DE FREITAS,PARAISO
4006907,SP,AFONSO DE FREITAS,PARAISO
4006904,SP,TOMAS CARVALHAL,PARAISO
4006905,SP,AFONSO DE FREITAS,PARAISO
4006902,SP,TOMAS CARVALHAL,PARAISO
4006903,SP,TOMAS CARVALHAL,PARAISO
4005912,SP,CURITIBA,PARAISO
4006901,SP,TOMAS CARVALHAL,PARAISO
4222901,SP,AURIVERDE,VILA INDEPENDENCIA
4009900,SP,DOMINGOS DE MORAIS,VILA MARIANA
4734904,SP,ADOLFO PINHEIRO,SANTO AMARO
4005911,SP,ABILIO SOARES,PARAISO
4753903,SP,JOSE MARIA,SANTO AMARO
4753904,SP,JOSE MARIA,SANTO AMARO
4753905,SP,DO RIO BRANCO,SANTO AMARO
4755900,SP,GIBRALTAR,SANTO AMARO
4755901,SP,LA PAZ,SANTO AMARO
4757901,SP,ADELE,JARDIM DOM BOSCO
4795924,SP,NACOES UNIDAS,VILA ALMEIDA
4795925,SP,NACOES UNIDAS,VILA ALMEIDA
4795920,SP,NACOES UNIDAS,VILA ALMEIDA
4795921,SP,NACOES UNIDAS,VILA ALMEIDA
4014901,SP,RODRIGUES ALVES,VILA MARIANA
4795923,SP,NACOES UNIDAS,VILA ALMEIDA
4010906,SP,DOMINGOS DE MORAIS,VILA MARIANA
4753906,SP,FRANCISCO PITTA BRITO,SANTO AMARO
4516901,SP,ROUXINOL,INDIANOPOLIS
4516902,SP,ROUXINOL,INDIANOPOLIS
4515910,SP,LAVANDISCA,INDIANOPOLIS
4524912,SP,IBIJAU,INDIANOPOLIS
4524913,SP,BEM TE VI,INDIANOPOLIS
4524914,SP,ARAPANES,INDIANOPOLIS
4524915,SP,ARAPANES,INDIANOPOLIS
4014903,SP,RODRIGUES ALVES,VILA MARIANA
4014904,SP,FABRICIO VAMPRE,VILA MARIANA
4014902,SP,DOMINGOS DE MORAIS,VILA MARIANA
4753901,SP,FRANCISCO PITTA BRITO,SANTO AMARO
4795922,SP,NACOES UNIDAS,VILA ALMEIDA
5579900,SP,CAXINGUI,JARDIM PIRAJUSSARA
5724902,SP,GIOVANNI GRONCHI,VILA ANDRADE
5458901,SP,DIOGENES RIBEIRO DE LIMA,ALTO DE PINHEIROS
5128900,SP,WILLIS ROBERTO BANKS,PARQUE MARIA ALICE
2435901,SP,FRANCISCO RANIERI,LAUZANE PAULISTA
5586904,SP,SOUSA REIS,VILA INDIANA
5835906,SP,ITAPECERICA,JARDIM GERMANIA
5138902,SP,JOSE MAURO DE VASCONCELOS,JARDIM LIBANO
5138901,SP,EUGENIO DANERI,JARDIM LIBANO
5835909,SP,ITAPECERICA,JARDIM GERMANIA
5565901,SP,JOAQUIM DE SANTANA,JARDIM ARPOADOR
5564901,SP,HEITOR ANTONIO EIRAS GARCIA,JARDIM ESMERALDA
4560909,SP,NOVA YORK,BROOKLIN PAULISTA
5586900,SP,CORINTO,VILA INDIANA
4570902,SP,NOVA INDEPENDENCIA,BROOKLIN PAULISTA
5372900,SP,PANTALEAO BRAS,VILA ANTONIO
5525901,SP,JAGUARE,JARDIM JUSSARA
